"order_id","customer_id","order_date","order_status","shipped_date","ship_address","ship_country","shipping_fee","payment_method","total_amount"
667,667,"2017-07-22","shipped","2017-07-25","3 Truax Avenue","Sweden",718.54,"PayPal",5018.96
740,740,"2014-02-25","shipped","2014-02-28","525 Hallows Trail","China",377.22,"credit card",3802.64
813,813,"2010-09-29","pending","2010-10-02","94441 Pleasure Center","Sweden",858.55,"credit card",4308.78
959,959,"2015-08-13","delivered","2015-08-17","9141 Utah Parkway","Indonesia",542.43,"PayPal",8444.04
960,960,"2014-04-01","shipped","2014-04-06","07 Pierstorff Junction","Czech Republic",963.73,"cash on delivery",6948.51
961,961,"2016-12-29","pending","2016-12-30","8959 Lawn Plaza","Palestinian Territory",215.34,"cash on delivery",375.04
962,962,"2017-11-09","shipped","2017-11-11","28103 Annamark Park","China",134.66,"credit card",6714.88
963,963,"2015-03-31","processing","2015-04-01","631 Welch Road","Uganda",476.18,"cash on delivery",8560.56
964,964,"2012-04-04","pending","2012-04-07","329 Arrowood Lane","Portugal",268.75,"credit card",1472.19
965,965,"2016-08-02","shipped","2016-08-04","0 Cody Point","Germany",844.34,"cash on delivery",5386.81
966,966,"2010-04-06","delivered","2010-04-09","10 Glacier Hill Way","Indonesia",938.04,"credit card",6329.07
967,967,"2022-01-03","delivered","2022-01-04","4678 Hoepker Avenue","Albania",447.32,"PayPal",2138.63
968,968,"2016-11-19","shipped","2016-11-20","16612 Northfield Parkway","Philippines",750.06,"PayPal",3389.69
969,969,"2011-12-22","shipped","2011-12-27","557 Clemons Plaza","Canada",233.68,"PayPal",4703.19
970,970,"2010-04-30","pending","2010-05-04","0348 Tennessee Crossing","Brazil",501.79,"cash on delivery",1402.62
971,971,"2018-02-06","delivered","2018-02-11","7 Arizona Point","Indonesia",501.55,"cash on delivery",5646.74
972,972,"2019-09-23","delivered","2019-09-25","3 Hansons Avenue","China",496.57,"PayPal",2286.22
973,973,"2021-01-01","delivered","2021-01-03","2 Warrior Trail","China",758.27,"credit card",818.79
974,974,"2022-05-15","shipped","2022-05-20","41 Shoshone Trail","Pakistan",853.03,"credit card",9376.04
975,975,"2010-03-18","processing","2010-03-19","7 Northridge Street","China",392.46,"PayPal",7242.24
976,976,"2010-03-07","pending","2010-03-11","5 Del Mar Place","Portugal",339.43,"PayPal",1283.08
977,977,"2016-02-08","delivered","2016-02-09","2303 Fulton Parkway","Venezuela",558.75,"credit card",7070.24
978,978,"2018-05-05","delivered","2018-05-06","8738 Steensland Trail","Thailand",727.75,"cash on delivery",8838.01
979,979,"2020-05-06","pending","2020-05-10","43192 Sheridan Plaza","Canada",103.33,"credit card",8516.08
980,980,"2018-12-26","shipped","2018-12-29","9595 Village Hill","Sweden",513.43,"PayPal",7560.93
981,981,"2015-01-21","processing","2015-01-24","4546 Merchant Center","Philippines",127.17,"cash on delivery",6342.45
982,982,"2016-12-06","pending","2016-12-09","769 Crownhardt Place","Armenia",990.63,"PayPal",9538.50
983,983,"2022-02-17","pending","2022-02-20","08 Marcy Alley","Lithuania",751.31,"PayPal",447.74
984,984,"2012-05-23","pending","2012-05-26","452 Kipling Circle","Macedonia",795.59,"credit card",8500.38
985,985,"2019-04-10","processing","2019-04-13","411 Clove Terrace","Philippines",31.25,"cash on delivery",5322.45
986,986,"2011-01-19","shipped","2011-01-23","731 Little Fleur Court","Vietnam",518.62,"PayPal",4452.91
987,987,"2019-03-07","shipped","2019-03-09","164 Morrow Pass","Sweden",558.05,"PayPal",7984.50
988,988,"2011-05-03","processing","2011-05-04","2 Mcbride Junction","Brazil",976.37,"credit card",8776.67
989,989,"2022-01-16","delivered","2022-01-17","016 Ryan Point","Portugal",249.29,"credit card",5543.64
990,990,"2014-07-20","delivered","2014-07-21","59 Ryan Place","Indonesia",879.02,"PayPal",9197.24
1,1,"2012-02-16","pending","2012-02-20","30249 Donald Way","China",63.95,"cash on delivery",1568.28
2,2,"2012-02-06","processing","2012-02-09","97 David Street","Greece",75.62,"cash on delivery",4654.31
3,3,"2013-01-02","pending","2013-01-06","2024 Myrtle Parkway","Poland",453.17,"PayPal",5810.01
4,4,"2013-02-28","pending","2013-03-04","75158 Merry Plaza","Japan",883.25,"PayPal",4388.28
5,5,"2014-08-28","delivered","2014-08-30","875 Nancy Hill","Portugal",881.14,"credit card",2972.23
6,6,"2022-05-25","delivered","2022-05-27","7556 Chinook Street","China",49.42,"PayPal",9545.46
7,7,"2020-10-19","processing","2020-10-24","38 Brown Parkway","Czech Republic",193.55,"cash on delivery",4187.61
8,8,"2021-06-27","delivered","2021-07-01","601 Bluejay Alley","China",9.25,"PayPal",5088.06
9,9,"2010-02-18","processing","2010-02-20","69 Dunning Terrace","China",568.47,"cash on delivery",5967.51
10,10,"2019-05-05","pending","2019-05-06","25 Rigney Drive","Colombia",73.32,"credit card",2169.93
11,11,"2010-05-23","shipped","2010-05-25","118 Gateway Crossing","Vietnam",870.05,"cash on delivery",1535.43
12,12,"2010-05-21","shipped","2010-05-23","33 Fisk Terrace","Finland",788.77,"cash on delivery",9779.08
13,13,"2010-03-14","processing","2010-03-18","84 Hazelcrest Circle","China",688.15,"credit card",4142.20
14,14,"2011-09-23","delivered","2011-09-27","395 Bashford Park","Canada",188.04,"cash on delivery",1697.04
15,15,"2015-10-02","shipped","2015-10-06","3 Dryden Avenue","Indonesia",543.59,"cash on delivery",9065.41
16,16,"2014-06-04","delivered","2014-06-06","996 Mcguire Plaza","China",123.05,"PayPal",6803.37
17,17,"2012-06-02","pending","2012-06-04","8512 Porter Crossing","Philippines",724.24,"PayPal",7671.62
18,18,"2013-12-26","processing","2013-12-27","96770 Magdeline Parkway","Tanzania",829.31,"cash on delivery",3333.63
19,19,"2016-03-22","processing","2016-03-26","5141 Menomonie Plaza","Russia",255.99,"PayPal",4700.72
20,20,"2015-10-08","shipped","2015-10-10","9522 Sycamore Pass","Serbia",404.78,"credit card",6229.48
21,21,"2018-01-22","shipped","2018-01-24","3 Redwing Place","China",315.84,"credit card",989.00
22,22,"2014-03-16","processing","2014-03-18","6 Northview Crossing","Nigeria",440.09,"PayPal",3591.80
23,23,"2019-07-06","pending","2019-07-07","94 Ludington Street","Poland",967.40,"credit card",4525.91
24,24,"2012-10-17","shipped","2012-10-19","3 Buell Circle","Russia",454.23,"PayPal",9326.13
25,25,"2011-05-19","delivered","2011-05-23","34 Schlimgen Trail","Uruguay",819.21,"cash on delivery",8682.52
26,26,"2011-08-03","delivered","2011-08-05","75201 Service Center","United States",427.56,"cash on delivery",4917.79
27,27,"2012-03-12","pending","2012-03-14","1 Stone Corner Crossing","Indonesia",998.28,"cash on delivery",3038.36
28,28,"2017-10-10","pending","2017-10-14","52 Goodland Road","Poland",148.46,"PayPal",7419.82
29,29,"2020-02-18","shipped","2020-02-19","3411 Lindbergh Place","China",787.66,"credit card",1144.92
30,30,"2020-04-24","shipped","2020-04-27","765 Schmedeman Place","Ukraine",805.64,"cash on delivery",5279.88
31,31,"2010-02-08","shipped","2010-02-12","87 Meadow Valley Park","Brazil",355.11,"credit card",2263.59
32,32,"2015-04-13","delivered","2015-04-16","5511 Pine View Way","Mexico",27.30,"credit card",1295.30
33,33,"2014-05-28","pending","2014-05-30","74323 Texas Pass","Russia",885.15,"PayPal",9184.80
34,34,"2012-04-09","shipped","2012-04-12","20437 Novick Street","Indonesia",880.89,"cash on delivery",5474.66
35,35,"2020-11-04","shipped","2020-11-07","1000 Sunnyside Trail","Kazakhstan",974.29,"PayPal",9216.40
36,36,"2014-10-14","shipped","2014-10-19","759 Pond Hill","China",400.20,"PayPal",1728.88
37,37,"2012-11-12","pending","2012-11-13","874 Del Sol Trail","Kenya",581.57,"credit card",488.19
38,38,"2018-04-18","processing","2018-04-22","0 Pennsylvania Drive","Luxembourg",797.71,"PayPal",9160.12
39,39,"2013-03-17","pending","2013-03-18","6 Helena Point","Peru",592.96,"cash on delivery",9375.53
40,40,"2016-08-07","processing","2016-08-12","6452 Golf View Circle","Russia",316.53,"credit card",2933.27
41,41,"2018-01-08","shipped","2018-01-09","3369 Oriole Avenue","United States",646.73,"credit card",3421.80
42,42,"2014-04-09","shipped","2014-04-11","4347 Esch Center","Mongolia",173.21,"PayPal",1160.54
43,43,"2017-07-10","processing","2017-07-12","3 Center Street","Germany",183.00,"credit card",2338.72
44,44,"2016-04-15","shipped","2016-04-19","558 Tomscot Hill","China",188.77,"cash on delivery",8999.77
45,45,"2015-05-20","shipped","2015-05-24","2186 Welch Hill","Russia",828.46,"credit card",2697.73
46,46,"2016-08-04","processing","2016-08-05","916 Prairieview Lane","Estonia",729.65,"credit card",6709.28
47,47,"2012-07-31","shipped","2012-08-05","44055 Village Street","Israel",758.57,"cash on delivery",3062.94
48,48,"2017-10-11","pending","2017-10-16","72206 Mariners Cove Court","Russia",371.44,"PayPal",7633.27
49,49,"2016-12-06","processing","2016-12-09","17430 Springview Place","South Africa",176.42,"cash on delivery",6305.10
50,50,"2022-01-28","delivered","2022-02-02","08740 Buell Alley","Philippines",962.34,"PayPal",3791.30
51,51,"2019-07-14","shipped","2019-07-18","42 Clarendon Hill","Portugal",213.77,"PayPal",1382.72
52,52,"2022-08-27","delivered","2022-08-30","333 Fairview Pass","Brazil",286.02,"credit card",3987.52
53,53,"2020-03-17","pending","2020-03-19","8 Independence Trail","Philippines",876.77,"PayPal",9274.74
54,54,"2019-03-01","pending","2019-03-06","854 Waxwing Park","China",759.24,"PayPal",7197.38
55,55,"2017-05-02","delivered","2017-05-06","5 Forest Dale Lane","China",577.97,"PayPal",4348.98
56,56,"2021-07-11","pending","2021-07-12","131 Mesta Circle","China",438.33,"PayPal",6342.25
57,57,"2014-09-08","shipped","2014-09-13","211 Quincy Circle","Russia",123.87,"credit card",1894.96
58,58,"2017-06-26","delivered","2017-06-27","7 Columbus Trail","China",471.40,"credit card",3499.00
59,59,"2011-09-12","delivered","2011-09-13","6403 Dakota Court","Indonesia",894.52,"cash on delivery",9686.52
60,60,"2014-04-06","pending","2014-04-10","363 Stang Parkway","United States",603.26,"PayPal",5049.29
61,61,"2018-06-23","pending","2018-06-24","346 Michigan Lane","Canada",557.83,"credit card",164.74
62,62,"2016-03-25","pending","2016-03-30","18654 Kingsford Terrace","Brazil",637.24,"credit card",6413.25
63,63,"2010-05-13","pending","2010-05-18","58 Browning Street","China",939.12,"cash on delivery",9782.07
64,64,"2015-04-24","shipped","2015-04-29","9 Stang Alley","Indonesia",539.43,"PayPal",5391.90
65,65,"2021-10-29","pending","2021-11-01","80941 Center Road","Brazil",828.94,"cash on delivery",1704.10
66,66,"2018-05-16","delivered","2018-05-17","92 Schurz Plaza","Serbia",495.39,"PayPal",5012.39
67,67,"2019-11-29","pending","2019-12-02","93968 Beilfuss Lane","Sweden",308.46,"credit card",3770.37
68,68,"2018-09-15","shipped","2018-09-17","55 Merrick Plaza","Philippines",959.38,"PayPal",8402.69
69,69,"2016-12-13","processing","2016-12-18","7490 Mosinee Pass","China",327.15,"cash on delivery",9959.45
70,70,"2011-04-17","shipped","2011-04-19","74 Kipling Park","Thailand",675.50,"cash on delivery",9791.38
71,71,"2013-04-03","processing","2013-04-07","35350 6th Point","Bulgaria",472.33,"credit card",1423.21
72,72,"2010-09-18","shipped","2010-09-21","5927 Pleasure Way","China",674.57,"credit card",200.13
73,73,"2011-03-13","pending","2011-03-18","60 Hagan Place","United States",492.38,"credit card",1147.25
74,74,"2016-04-02","delivered","2016-04-04","7 Dottie Hill","Nigeria",533.55,"PayPal",2921.84
75,75,"2011-12-20","delivered","2011-12-22","30614 Gateway Alley","Poland",996.23,"cash on delivery",5269.07
76,76,"2011-10-12","processing","2011-10-15","27 Pierstorff Point","Indonesia",266.18,"credit card",8592.27
77,77,"2019-01-21","shipped","2019-01-23","39196 Elmside Circle","Philippines",728.92,"cash on delivery",5948.55
78,78,"2015-05-22","delivered","2015-05-26","421 Fordem Junction","Pakistan",552.04,"cash on delivery",7680.88
79,79,"2022-01-01","processing","2022-01-04","49 Jenifer Terrace","Ukraine",313.02,"cash on delivery",3679.29
80,80,"2012-08-26","delivered","2012-08-30","638 Lunder Junction","South Africa",264.16,"cash on delivery",895.81
81,81,"2016-03-10","delivered","2016-03-11","6 Montana Lane","China",532.45,"cash on delivery",7923.93
82,82,"2016-12-17","processing","2016-12-22","0 Bunting Center","United States",553.45,"credit card",747.03
83,83,"2012-07-24","delivered","2012-07-29","28 Sachtjen Alley","Ukraine",807.82,"credit card",1114.80
84,84,"2012-07-22","delivered","2012-07-27","8661 Green Ridge Place","Poland",818.09,"cash on delivery",1140.64
85,85,"2012-12-14","shipped","2012-12-19","925 Daystar Plaza","Colombia",302.17,"credit card",9818.05
86,86,"2016-07-25","pending","2016-07-30","4427 Vahlen Junction","China",488.79,"PayPal",3812.08
87,87,"2022-04-10","shipped","2022-04-14","8051 Brown Avenue","China",875.76,"cash on delivery",9080.69
88,88,"2020-07-30","pending","2020-08-02","26 Mockingbird Plaza","Saudi Arabia",336.69,"cash on delivery",9959.64
89,89,"2014-12-22","delivered","2014-12-27","38891 Golf Course Avenue","Finland",433.87,"credit card",7318.67
90,90,"2013-04-20","shipped","2013-04-24","88 Helena Center","Macedonia",590.36,"PayPal",8445.51
91,91,"2011-12-18","delivered","2011-12-23","00287 Johnson Street","China",202.48,"cash on delivery",588.05
92,92,"2014-11-10","shipped","2014-11-11","31 Di Loreto Junction","China",881.99,"PayPal",4776.41
93,93,"2016-05-19","pending","2016-05-21","209 Portage Crossing","China",519.50,"PayPal",5881.89
94,94,"2019-01-29","pending","2019-01-31","89668 Russell Plaza","Ukraine",395.08,"cash on delivery",4926.54
95,95,"2010-05-05","pending","2010-05-08","09805 Dakota Hill","Indonesia",683.77,"cash on delivery",7719.16
96,96,"2010-04-30","delivered","2010-05-03","04 Harper Crossing","Philippines",360.56,"PayPal",1929.70
97,97,"2015-06-10","processing","2015-06-11","87 Debra Drive","Yemen",258.37,"credit card",8118.73
98,98,"2021-07-17","shipped","2021-07-21","450 Jana Lane","Indonesia",402.86,"credit card",7711.82
99,99,"2013-05-14","delivered","2013-05-18","81756 Daystar Place","China",757.66,"credit card",9086.97
100,100,"2019-02-22","processing","2019-02-24","76939 Calypso Place","Poland",36.17,"cash on delivery",1940.16
101,101,"2013-07-13","shipped","2013-07-18","99 Vahlen Circle","Philippines",144.31,"credit card",4188.78
102,102,"2019-04-25","pending","2019-04-27","8461 Elgar Road","Peru",597.45,"credit card",3400.09
103,103,"2015-05-14","processing","2015-05-19","2354 Clyde Gallagher Lane","Venezuela",976.59,"PayPal",4724.61
104,104,"2011-08-15","delivered","2011-08-16","6348 Troy Pass","Brazil",418.64,"cash on delivery",4462.87
105,105,"2021-09-18","delivered","2021-09-21","8 Service Drive","China",450.68,"cash on delivery",4647.18
106,106,"2019-06-28","pending","2019-06-30","180 Hayes Park","China",190.56,"credit card",4827.18
107,107,"2022-01-16","processing","2022-01-17","5 Luster Avenue","Syria",413.76,"PayPal",5058.77
108,108,"2011-12-12","shipped","2011-12-17","62 Columbus Court","Belarus",170.04,"PayPal",7083.84
109,109,"2016-03-07","pending","2016-03-11","7 Merry Terrace","Philippines",195.53,"PayPal",4984.47
110,110,"2013-02-08","shipped","2013-02-12","4741 Corben Plaza","China",819.38,"cash on delivery",60.12
111,111,"2016-12-24","delivered","2016-12-26","830 Helena Hill","Mozambique",874.49,"PayPal",5978.89
112,112,"2013-01-13","pending","2013-01-16","0660 Stang Plaza","Ecuador",450.49,"credit card",9032.96
113,113,"2011-03-21","delivered","2011-03-24","93907 Sherman Center","Czech Republic",424.07,"cash on delivery",959.59
114,114,"2019-01-08","delivered","2019-01-11","64 Lillian Park","China",587.48,"PayPal",4800.31
115,115,"2014-01-21","processing","2014-01-25","7621 Morning Junction","Germany",819.21,"cash on delivery",4485.99
116,116,"2018-02-22","shipped","2018-02-23","474 Judy Drive","Colombia",186.73,"cash on delivery",1301.57
117,117,"2011-12-02","pending","2011-12-05","795 Iowa Way","Myanmar",324.32,"cash on delivery",4287.82
118,118,"2014-03-02","pending","2014-03-06","510 Dawn Crossing","China",397.39,"credit card",8877.23
119,119,"2010-08-05","processing","2010-08-08","7211 Welch Center","Poland",208.41,"credit card",9062.05
120,120,"2022-12-13","pending","2022-12-15","3 Starling Junction","Argentina",368.42,"cash on delivery",5762.53
121,121,"2014-11-07","delivered","2014-11-08","00055 Petterle Trail","Uruguay",940.89,"PayPal",2686.23
122,122,"2010-07-18","shipped","2010-07-22","40605 Spenser Park","France",497.20,"cash on delivery",3512.22
123,123,"2022-10-18","pending","2022-10-22","1 Ryan Crossing","Thailand",53.76,"credit card",5999.85
124,124,"2022-12-04","processing","2022-12-09","31 Michigan Terrace","Afghanistan",330.25,"cash on delivery",9091.21
125,125,"2011-01-22","processing","2011-01-23","00416 Doe Crossing Place","China",571.87,"PayPal",6573.35
126,126,"2014-01-11","delivered","2014-01-15","25 Kim Parkway","Indonesia",937.11,"credit card",2233.17
127,127,"2010-06-27","delivered","2010-07-01","2946 Declaration Court","Netherlands",985.68,"PayPal",5527.62
128,128,"2011-08-09","pending","2011-08-13","7 Dayton Place","Micronesia",920.58,"cash on delivery",7627.43
129,129,"2014-08-21","pending","2014-08-22","77 Daystar Road","Guinea",961.89,"PayPal",8058.59
130,130,"2014-10-29","pending","2014-11-01","0446 Brentwood Terrace","Portugal",452.71,"cash on delivery",2345.71
131,131,"2011-03-08","pending","2011-03-11","859 Karstens Plaza","Argentina",252.34,"credit card",723.16
132,132,"2017-07-01","shipped","2017-07-04","5919 Meadow Valley Circle","China",119.96,"credit card",7592.37
133,133,"2013-10-27","shipped","2013-10-28","337 Sauthoff Road","China",971.17,"cash on delivery",8335.65
134,134,"2022-05-12","processing","2022-05-14","69043 Towne Lane","Pakistan",868.70,"credit card",2481.90
135,135,"2019-07-16","processing","2019-07-18","0 Portage Pass","Russia",25.04,"credit card",7966.85
136,136,"2020-06-17","processing","2020-06-19","143 Sutherland Circle","Portugal",518.33,"PayPal",0.84
137,137,"2022-02-23","shipped","2022-02-28","8 Troy Terrace","Ukraine",382.98,"PayPal",5464.11
138,138,"2022-01-22","pending","2022-01-27","356 Manley Drive","Czech Republic",589.48,"PayPal",1830.91
139,139,"2015-07-29","processing","2015-07-31","84519 Petterle Terrace","Peru",27.33,"cash on delivery",2557.32
140,140,"2017-02-25","shipped","2017-03-01","99 Dahle Drive","Bosnia and Herzegovina",866.13,"credit card",9342.83
141,141,"2010-08-23","shipped","2010-08-25","43 Mendota Park","Tanzania",274.62,"credit card",4765.64
142,142,"2013-12-06","pending","2013-12-07","8298 Pennsylvania Crossing","United States",466.89,"credit card",6519.31
143,143,"2016-03-06","shipped","2016-03-10","8024 Huxley Way","Venezuela",268.22,"credit card",7850.63
144,144,"2021-10-17","pending","2021-10-21","6383 Main Place","China",50.59,"credit card",5213.08
145,145,"2021-03-04","processing","2021-03-08","00 Valley Edge Pass","Sri Lanka",919.13,"cash on delivery",6428.47
146,146,"2015-07-08","delivered","2015-07-11","22 Mesta Trail","Japan",482.75,"cash on delivery",1794.52
147,147,"2021-01-26","shipped","2021-01-27","0 Gerald Hill","South Africa",125.28,"cash on delivery",70.49
148,148,"2013-08-28","shipped","2013-08-31","257 Mcguire Court","Dominican Republic",313.26,"credit card",3270.76
149,149,"2010-10-04","shipped","2010-10-05","7780 Petterle Crossing","Indonesia",917.65,"cash on delivery",3608.03
150,150,"2011-03-22","shipped","2011-03-23","34 Columbus Trail","Russia",986.04,"credit card",9451.01
151,151,"2014-06-18","pending","2014-06-19","31971 Starling Park","Libya",257.19,"PayPal",3471.66
152,152,"2022-08-13","processing","2022-08-17","92 Myrtle Crossing","Brazil",628.72,"credit card",6940.22
153,153,"2022-11-02","processing","2022-11-04","83823 Maywood Way","China",26.94,"credit card",6150.12
154,154,"2012-07-30","processing","2012-08-02","5 Ridgeway Terrace","Indonesia",315.00,"PayPal",8875.76
155,155,"2018-03-03","shipped","2018-03-07","0716 Little Fleur Center","Philippines",126.23,"cash on delivery",7972.01
156,156,"2018-12-28","shipped","2019-01-02","4201 Thierer Circle","Russia",782.71,"cash on delivery",4679.05
157,157,"2010-01-06","processing","2010-01-07","63364 Fallview Place","Colombia",551.55,"PayPal",7987.24
158,158,"2019-08-09","pending","2019-08-14","4 Scoville Plaza","Dominican Republic",73.53,"credit card",3642.95
159,159,"2014-10-06","delivered","2014-10-10","8422 Meadow Ridge Lane","Philippines",494.60,"cash on delivery",7114.49
160,160,"2019-02-16","pending","2019-02-21","40597 Paget Park","China",223.85,"credit card",5127.51
161,161,"2020-08-12","delivered","2020-08-16","77221 Golf Course Road","Uzbekistan",580.96,"PayPal",7444.44
162,162,"2016-12-17","pending","2016-12-21","275 Cardinal Parkway","Sweden",163.31,"PayPal",3229.47
163,163,"2010-03-02","shipped","2010-03-05","1657 Aberg Parkway","Portugal",971.85,"credit card",2885.49
164,164,"2011-09-09","processing","2011-09-11","16907 Johnson Alley","China",15.15,"PayPal",9166.11
165,165,"2015-05-16","pending","2015-05-19","9 Cherokee Terrace","Indonesia",89.33,"credit card",3745.10
166,166,"2019-08-02","pending","2019-08-06","30116 Daystar Street","Thailand",292.61,"PayPal",2613.21
167,167,"2014-11-06","processing","2014-11-09","92705 Cherokee Hill","Portugal",113.59,"PayPal",6838.37
168,168,"2019-12-20","processing","2019-12-23","7013 Monument Trail","Sweden",155.76,"PayPal",7924.46
169,169,"2021-12-20","pending","2021-12-25","906 Dennis Avenue","China",721.39,"PayPal",1931.12
170,170,"2022-04-10","delivered","2022-04-15","993 Bluejay Terrace","Uzbekistan",386.57,"cash on delivery",9505.69
171,171,"2018-12-02","shipped","2018-12-07","00 Towne Point","France",917.19,"cash on delivery",753.19
172,172,"2016-10-24","pending","2016-10-25","742 Graedel Point","Indonesia",848.23,"credit card",3407.49
173,173,"2016-11-08","processing","2016-11-10","8 Macpherson Crossing","Mexico",69.12,"PayPal",5829.69
174,174,"2012-08-03","delivered","2012-08-04","3 Cordelia Alley","Philippines",911.96,"PayPal",4347.96
175,175,"2021-09-23","shipped","2021-09-24","7915 Fordem Parkway","Belarus",915.68,"PayPal",4553.25
176,176,"2022-05-17","pending","2022-05-19","5915 Granby Park","Brazil",212.98,"PayPal",973.35
177,177,"2022-08-29","shipped","2022-08-31","89060 Eastlawn Parkway","Bangladesh",587.12,"cash on delivery",1746.72
178,178,"2016-04-11","shipped","2016-04-15","56 Sutherland Parkway","Croatia",264.33,"credit card",6691.99
179,179,"2015-06-14","pending","2015-06-18","46716 Paget Pass","China",291.85,"credit card",3880.00
180,180,"2019-01-26","delivered","2019-01-28","83137 Logan Junction","Indonesia",880.53,"PayPal",3179.67
181,181,"2019-02-21","shipped","2019-02-25","91795 Glacier Hill Crossing","Sweden",489.80,"cash on delivery",7462.19
182,182,"2016-03-10","shipped","2016-03-15","845 Delladonna Street","Russia",423.32,"PayPal",5364.20
183,183,"2022-05-05","processing","2022-05-07","27999 Basil Point","Peru",823.65,"cash on delivery",7959.18
184,184,"2019-03-03","shipped","2019-03-07","45310 Oak Valley Place","Mongolia",348.50,"PayPal",5168.27
185,185,"2015-06-28","shipped","2015-06-30","5809 Ludington Trail","France",719.24,"PayPal",4174.83
186,186,"2022-03-12","delivered","2022-03-15","932 Crowley Park","Bosnia and Herzegovina",291.54,"cash on delivery",9811.44
187,187,"2012-09-02","shipped","2012-09-03","27233 Delladonna Alley","Kenya",613.29,"PayPal",5818.74
188,188,"2021-06-24","shipped","2021-06-28","298 Scoville Place","Indonesia",345.03,"PayPal",5433.52
189,189,"2013-07-22","processing","2013-07-23","8 Grayhawk Place","Indonesia",637.53,"PayPal",3625.73
190,190,"2017-10-31","delivered","2017-11-02","1 Fuller Crossing","Indonesia",462.01,"credit card",8654.59
191,191,"2017-07-29","processing","2017-08-01","7 Kedzie Pass","Portugal",738.10,"credit card",3105.24
192,192,"2021-03-19","pending","2021-03-23","6 Fuller Alley","Macedonia",966.75,"PayPal",3729.80
193,193,"2016-09-09","delivered","2016-09-11","3663 Twin Pines Place","Portugal",587.78,"credit card",7541.38
194,194,"2016-01-26","delivered","2016-01-27","0686 Village Green Park","China",973.08,"PayPal",8455.40
195,195,"2012-03-19","delivered","2012-03-24","57128 Nancy Crossing","Denmark",661.30,"cash on delivery",266.86
196,196,"2010-04-19","delivered","2010-04-20","52247 Becker Court","Botswana",720.71,"PayPal",4497.92
197,197,"2022-01-08","delivered","2022-01-11","6836 1st Court","Tanzania",438.43,"PayPal",6858.57
198,198,"2022-02-16","pending","2022-02-17","19434 Dapin Center","Portugal",581.78,"PayPal",7223.12
199,199,"2019-01-26","shipped","2019-01-31","89889 Gina Trail","Ukraine",517.08,"cash on delivery",1828.45
200,200,"2017-02-22","pending","2017-02-27","2 Anzinger Lane","China",748.57,"PayPal",5804.99
201,201,"2019-08-11","processing","2019-08-16","019 Dawn Point","Indonesia",571.25,"cash on delivery",9445.46
202,202,"2020-04-01","processing","2020-04-06","5103 Sugar Park","Estonia",644.80,"credit card",7621.65
203,203,"2014-12-16","delivered","2014-12-17","5 Graedel Crossing","Poland",950.54,"cash on delivery",5251.92
204,204,"2018-10-07","processing","2018-10-12","02 Lindbergh Junction","Philippines",144.80,"cash on delivery",6887.33
205,205,"2015-08-25","shipped","2015-08-30","4258 Novick Circle","Denmark",104.02,"PayPal",5168.20
206,206,"2022-03-07","pending","2022-03-12","50 Leroy Hill","Poland",424.32,"PayPal",4598.68
207,207,"2010-09-10","delivered","2010-09-11","048 Waxwing Center","Australia",599.72,"credit card",6596.06
208,208,"2010-05-17","processing","2010-05-22","69 Badeau Center","Pakistan",107.94,"credit card",2823.89
209,209,"2013-03-27","pending","2013-03-28","6 Troy Avenue","Montenegro",206.71,"PayPal",8923.69
210,210,"2021-06-13","shipped","2021-06-14","833 Buena Vista Alley","China",92.95,"cash on delivery",6590.75
211,211,"2022-09-15","delivered","2022-09-16","7 Susan Court","Mexico",373.16,"credit card",2283.02
212,212,"2022-03-29","pending","2022-03-30","1 Canary Place","Indonesia",852.67,"cash on delivery",6649.44
213,213,"2013-04-11","shipped","2013-04-12","4 Mifflin Lane","Portugal",756.85,"cash on delivery",6646.01
214,214,"2020-10-23","shipped","2020-10-27","46 Marquette Avenue","China",710.26,"PayPal",2498.07
215,215,"2010-02-18","shipped","2010-02-23","6 Hallows Alley","Morocco",387.12,"credit card",1814.66
216,216,"2016-02-27","processing","2016-02-29","5 Basil Way","Indonesia",159.44,"credit card",9586.84
217,217,"2014-01-03","shipped","2014-01-08","38 Quincy Center","Vietnam",952.82,"PayPal",1257.74
218,218,"2011-04-26","shipped","2011-04-30","511 Erie Alley","Indonesia",240.92,"cash on delivery",8503.02
219,219,"2015-04-28","processing","2015-05-03","30698 Shoshone Hill","Russia",391.14,"PayPal",2582.04
220,220,"2010-01-21","shipped","2010-01-23","662 Clove Hill","Argentina",431.55,"PayPal",4832.16
221,221,"2013-11-27","shipped","2013-12-01","94 2nd Way","North Korea",154.34,"PayPal",8336.70
222,222,"2011-03-05","pending","2011-03-08","069 Maple Wood Avenue","Bulgaria",512.89,"PayPal",9223.00
223,223,"2016-02-25","pending","2016-02-29","64 Bartillon Point","Mexico",71.46,"cash on delivery",8669.76
224,224,"2020-12-16","shipped","2020-12-18","176 Scott Avenue","Greece",463.23,"cash on delivery",5774.64
225,225,"2018-03-06","shipped","2018-03-07","8 Porter Drive","China",458.53,"PayPal",1821.01
226,226,"2017-03-23","processing","2017-03-26","27974 Loftsgordon Junction","Myanmar",876.26,"credit card",4660.77
227,227,"2011-10-27","pending","2011-10-31","8 Vermont Drive","China",80.55,"credit card",7701.54
228,228,"2019-05-27","shipped","2019-06-01","7715 Longview Street","Portugal",78.98,"PayPal",2637.90
229,229,"2020-02-07","shipped","2020-02-10","11262 Farmco Terrace","China",72.84,"credit card",8012.43
230,230,"2022-04-20","pending","2022-04-21","5 Kennedy Plaza","Portugal",342.13,"PayPal",7535.31
231,231,"2013-05-15","pending","2013-05-18","99 Village Court","Philippines",351.76,"credit card",2053.34
232,232,"2013-08-16","delivered","2013-08-18","4 Russell Plaza","Mexico",891.20,"PayPal",1633.00
233,233,"2010-05-21","processing","2010-05-23","9222 Armistice Place","France",369.52,"credit card",9626.27
234,234,"2018-04-06","delivered","2018-04-08","871 Waxwing Alley","China",87.12,"cash on delivery",5205.56
235,235,"2020-08-18","shipped","2020-08-23","7447 Becker Park","Mozambique",4.69,"cash on delivery",8059.88
236,236,"2013-04-11","delivered","2013-04-14","073 Sage Road","China",381.18,"PayPal",300.65
237,237,"2012-10-06","pending","2012-10-07","5216 Truax Hill","North Korea",438.18,"cash on delivery",458.31
238,238,"2016-10-30","pending","2016-11-02","44901 3rd Avenue","China",882.28,"credit card",1367.82
239,239,"2017-08-29","processing","2017-08-30","6097 Florence Hill","France",130.39,"PayPal",6500.65
240,240,"2011-12-20","processing","2011-12-21","35194 Tennessee Pass","China",346.79,"credit card",8930.28
241,241,"2015-04-18","delivered","2015-04-19","36 Iowa Place","Sweden",10.76,"credit card",833.34
242,242,"2013-03-23","shipped","2013-03-28","70825 Bartillon Circle","Albania",372.81,"PayPal",5272.13
243,243,"2018-11-09","processing","2018-11-13","54 Stang Avenue","Colombia",51.57,"PayPal",6013.99
244,244,"2016-10-21","delivered","2016-10-23","7 Cardinal Road","Peru",759.81,"cash on delivery",6174.69
245,245,"2017-03-16","processing","2017-03-20","4 Butternut Terrace","Sweden",774.34,"credit card",1223.48
246,246,"2021-03-02","delivered","2021-03-07","54196 Beilfuss Lane","Peru",101.79,"cash on delivery",8549.98
247,247,"2014-05-02","pending","2014-05-05","29588 Blaine Court","Brazil",50.72,"credit card",5784.99
248,248,"2020-06-23","processing","2020-06-24","34 Washington Center","Philippines",498.04,"cash on delivery",1878.88
249,249,"2021-01-07","shipped","2021-01-08","2515 Becker Plaza","China",962.41,"cash on delivery",6813.51
250,250,"2016-08-14","shipped","2016-08-18","76 American Ash Junction","Pakistan",875.45,"credit card",5727.39
251,251,"2018-08-31","delivered","2018-09-02","253 Briar Crest Alley","China",596.10,"cash on delivery",6753.58
252,252,"2019-02-06","processing","2019-02-07","0 Carberry Place","China",166.92,"PayPal",9730.18
253,253,"2015-12-22","processing","2015-12-25","5104 Thompson Road","Russia",578.51,"cash on delivery",5425.07
254,254,"2018-10-13","pending","2018-10-18","0 Artisan Circle","Indonesia",39.86,"cash on delivery",6615.84
255,255,"2017-05-31","processing","2017-06-03","80357 Eastwood Pass","Brazil",283.27,"credit card",8664.14
256,256,"2021-02-11","processing","2021-02-12","6 Warner Alley","China",929.80,"PayPal",7834.19
257,257,"2010-02-04","delivered","2010-02-05","081 Sunfield Hill","Oman",672.66,"cash on delivery",2136.08
258,258,"2010-08-12","pending","2010-08-14","098 Gulseth Alley","Russia",96.47,"PayPal",5297.12
259,259,"2020-06-16","processing","2020-06-18","3083 Kim Point","China",397.88,"credit card",937.47
260,260,"2014-02-16","delivered","2014-02-19","906 Riverside Junction","Poland",17.91,"cash on delivery",738.10
261,261,"2012-01-16","pending","2012-01-19","6 Dayton Plaza","Spain",655.85,"credit card",5659.04
262,262,"2013-12-04","processing","2013-12-08","34 Stephen Pass","China",253.06,"PayPal",6137.26
263,263,"2017-05-22","pending","2017-05-23","04361 Old Shore Road","Belarus",0.41,"credit card",6436.21
264,264,"2011-06-12","delivered","2011-06-16","72418 Granby Center","Greece",773.13,"cash on delivery",9666.28
265,265,"2012-05-16","shipped","2012-05-17","61058 Scott Lane","Russia",359.06,"PayPal",7978.75
266,266,"2021-12-19","pending","2021-12-20","90 Kensington Park","Ecuador",750.69,"PayPal",1247.63
267,267,"2011-03-21","processing","2011-03-22","294 Lakeland Terrace","Poland",573.75,"cash on delivery",2219.43
268,268,"2022-12-29","processing","2023-01-03","62 Dunning Park","United Kingdom",155.46,"PayPal",1467.40
269,269,"2010-07-13","delivered","2010-07-17","2032 Gale Point","Sudan",944.04,"credit card",384.64
270,270,"2015-10-15","pending","2015-10-20","08338 Ryan Court","China",600.33,"PayPal",897.00
271,271,"2018-10-24","processing","2018-10-25","81214 Meadow Ridge Hill","China",106.62,"PayPal",888.80
272,272,"2021-06-28","shipped","2021-07-03","974 Gale Park","Czech Republic",213.71,"credit card",19.16
273,273,"2016-08-18","shipped","2016-08-23","691 Warrior Hill","Ukraine",979.14,"cash on delivery",7305.10
274,274,"2014-03-18","delivered","2014-03-23","92089 Manufacturers Center","China",314.14,"cash on delivery",8850.86
275,275,"2013-06-11","pending","2013-06-16","210 Bluejay Plaza","Indonesia",915.39,"cash on delivery",7942.98
276,276,"2021-05-14","delivered","2021-05-16","8 Granby Hill","Russia",559.61,"credit card",4977.58
277,277,"2012-12-30","shipped","2013-01-03","6 Lyons Drive","China",192.49,"PayPal",2287.39
278,278,"2019-12-27","shipped","2019-12-29","65367 Barnett Pass","Indonesia",332.26,"cash on delivery",9493.49
279,279,"2016-07-23","shipped","2016-07-28","48701 Hoffman Alley","China",328.59,"cash on delivery",4217.04
280,280,"2014-11-06","pending","2014-11-07","7475 Loomis Junction","Armenia",553.40,"credit card",4682.30
281,281,"2010-08-18","delivered","2010-08-23","252 American Alley","New Zealand",620.93,"PayPal",2036.29
282,282,"2017-03-25","pending","2017-03-29","4 Oriole Center","France",612.09,"credit card",1960.74
283,283,"2010-08-02","shipped","2010-08-03","97 Namekagon Point","Peru",171.16,"cash on delivery",2517.40
284,284,"2015-02-10","processing","2015-02-15","0 Victoria Road","Angola",262.28,"credit card",3769.74
285,285,"2018-05-11","processing","2018-05-12","53492 Meadow Vale Circle","Indonesia",731.28,"credit card",4357.20
286,286,"2017-10-11","delivered","2017-10-16","11556 High Crossing Circle","Ireland",502.34,"credit card",5617.13
287,287,"2022-09-29","pending","2022-09-30","985 Hayes Circle","Ukraine",100.41,"credit card",385.87
288,288,"2012-07-04","processing","2012-07-05","0 Chive Junction","Slovenia",922.68,"cash on delivery",259.17
289,289,"2012-04-05","shipped","2012-04-10","6 Lerdahl Avenue","Jamaica",775.67,"credit card",7159.94
290,290,"2022-09-23","shipped","2022-09-24","45229 Lillian Trail","Indonesia",206.70,"cash on delivery",6480.30
291,291,"2010-06-04","shipped","2010-06-07","47 Randy Park","Angola",841.03,"cash on delivery",8818.90
292,292,"2011-12-19","pending","2011-12-23","10 Meadow Valley Alley","Indonesia",654.45,"PayPal",8461.78
293,293,"2010-06-17","processing","2010-06-19","62542 Packers Point","Guatemala",430.71,"PayPal",1068.56
294,294,"2016-10-27","delivered","2016-10-29","9 Manley Junction","Palestinian Territory",231.31,"cash on delivery",8235.39
295,295,"2017-02-11","pending","2017-02-12","2 Thackeray Court","Indonesia",824.17,"credit card",8954.19
296,296,"2017-04-21","processing","2017-04-22","0 Lien Alley","Canada",59.79,"credit card",8184.58
297,297,"2012-03-25","pending","2012-03-28","52 Manitowish Way","China",296.23,"credit card",9444.72
298,298,"2017-06-03","delivered","2017-06-06","833 Mesta Point","Yemen",955.96,"credit card",4394.53
299,299,"2016-09-28","pending","2016-09-29","636 Longview Center","Democratic Republic of the Congo",686.62,"cash on delivery",2828.25
300,300,"2010-08-18","delivered","2010-08-20","653 Sherman Circle","Kenya",152.17,"credit card",4550.73
301,301,"2017-05-06","processing","2017-05-07","511 Sachs Plaza","Sri Lanka",556.43,"PayPal",9942.33
302,302,"2022-11-27","shipped","2022-12-01","151 Oak Way","China",583.85,"credit card",375.72
303,303,"2019-01-04","shipped","2019-01-08","0 Blue Bill Park Point","Spain",61.20,"cash on delivery",9905.70
304,304,"2015-07-17","delivered","2015-07-18","770 Cordelia Crossing","Philippines",342.37,"cash on delivery",8913.76
305,305,"2012-08-19","pending","2012-08-24","8 Caliangt Plaza","United States",867.23,"credit card",9200.93
306,306,"2021-06-25","delivered","2021-06-30","6711 Sheridan Avenue","Indonesia",525.28,"PayPal",7676.14
307,307,"2020-03-14","delivered","2020-03-19","653 Bunker Hill Center","Czech Republic",355.22,"PayPal",5801.05
308,308,"2013-06-03","shipped","2013-06-07","73 Drewry Lane","Russia",888.39,"credit card",4215.26
309,309,"2010-10-07","shipped","2010-10-12","1 Hoard Alley","Ukraine",534.41,"cash on delivery",6155.88
310,310,"2019-03-25","shipped","2019-03-26","57689 Lillian Center","Indonesia",653.59,"cash on delivery",6406.10
311,311,"2012-08-14","shipped","2012-08-19","66301 1st Park","Brazil",953.38,"PayPal",9759.41
312,312,"2016-02-21","shipped","2016-02-23","716 Scofield Place","United Kingdom",43.14,"credit card",2945.09
313,313,"2014-11-25","delivered","2014-11-28","92 Holmberg Circle","France",947.86,"credit card",4858.86
314,314,"2022-11-22","shipped","2022-11-27","582 Knutson Place","Czech Republic",816.69,"cash on delivery",2010.07
315,315,"2021-07-25","delivered","2021-07-29","087 Meadow Ridge Alley","Kyrgyzstan",353.67,"cash on delivery",8993.87
316,316,"2021-11-05","delivered","2021-11-06","11 Everett Circle","Ukraine",762.41,"credit card",7919.72
317,317,"2011-11-20","shipped","2011-11-22","07356 Southridge Street","Brazil",881.25,"cash on delivery",2714.06
318,318,"2022-02-14","pending","2022-02-15","81191 Mifflin Junction","Croatia",379.12,"cash on delivery",1634.54
319,319,"2017-07-22","delivered","2017-07-24","8089 Granby Parkway","Palestinian Territory",879.82,"PayPal",8555.83
320,320,"2022-02-23","pending","2022-02-26","8414 Bobwhite Parkway","Sweden",982.68,"PayPal",6066.10
321,321,"2010-08-09","delivered","2010-08-13","286 Marcy Street","China",551.08,"credit card",3441.22
322,322,"2020-01-25","pending","2020-01-30","8 Holmberg Court","Vietnam",467.30,"credit card",1946.37
323,323,"2017-07-29","processing","2017-08-02","0297 Sycamore Place","Vietnam",828.05,"PayPal",3057.32
324,324,"2011-08-07","pending","2011-08-10","21067 Manitowish Alley","Finland",798.59,"cash on delivery",9699.11
325,325,"2020-02-06","delivered","2020-02-09","449 Nelson Avenue","Indonesia",913.01,"cash on delivery",3845.16
326,326,"2010-03-11","shipped","2010-03-13","716 Prentice Crossing","Morocco",647.09,"credit card",9241.02
327,327,"2013-01-06","processing","2013-01-08","94323 Everett Street","Cape Verde",937.37,"PayPal",2462.14
328,328,"2021-09-21","processing","2021-09-24","2 Anzinger Street","Indonesia",787.68,"cash on delivery",2982.52
329,329,"2019-12-04","shipped","2019-12-05","2 Stang Drive","United States",734.44,"PayPal",3262.75
330,330,"2012-12-21","processing","2012-12-23","63302 Monica Alley","Russia",803.05,"cash on delivery",8366.59
331,331,"2016-07-26","pending","2016-07-29","09713 Messerschmidt Parkway","Portugal",303.84,"cash on delivery",9657.65
332,332,"2021-06-18","shipped","2021-06-23","877 Meadow Ridge Avenue","Sweden",621.60,"PayPal",7867.96
333,333,"2020-10-12","delivered","2020-10-17","90296 Rockefeller Center","Portugal",726.96,"cash on delivery",577.21
334,334,"2018-09-24","shipped","2018-09-26","80 Scott Center","China",209.82,"PayPal",3891.52
335,335,"2019-06-04","processing","2019-06-07","5 Harbort Road","Israel",798.62,"PayPal",1899.14
336,336,"2013-11-27","shipped","2013-11-29","30292 Main Junction","Argentina",697.29,"credit card",7259.30
337,337,"2020-11-22","pending","2020-11-27","36965 Stone Corner Plaza","Brazil",432.26,"PayPal",4007.31
338,338,"2016-02-29","delivered","2016-03-02","5341 South Trail","Indonesia",86.01,"cash on delivery",8585.96
339,339,"2014-02-14","processing","2014-02-17","9360 Green Ridge Pass","South Africa",119.45,"PayPal",9565.73
340,340,"2021-07-17","delivered","2021-07-19","820 Algoma Parkway","China",320.89,"cash on delivery",2753.72
341,341,"2015-01-01","processing","2015-01-02","3326 Algoma Trail","Thailand",601.57,"credit card",6800.60
342,342,"2018-04-30","delivered","2018-05-04","9 David Terrace","Peru",132.49,"cash on delivery",4169.96
343,343,"2022-10-29","shipped","2022-11-03","59218 Center Court","China",972.32,"cash on delivery",2794.06
344,344,"2017-09-03","processing","2017-09-05","8843 Sutteridge Lane","France",635.80,"credit card",4713.57
345,345,"2021-09-17","delivered","2021-09-21","686 Golf Course Hill","Spain",495.45,"cash on delivery",3217.83
346,346,"2018-08-25","pending","2018-08-27","4690 Holy Cross Trail","United States",738.86,"cash on delivery",2792.23
347,347,"2011-02-22","shipped","2011-02-27","036 Brickson Park Circle","Russia",366.03,"PayPal",2598.96
348,348,"2017-11-19","pending","2017-11-24","2 Ridgeview Place","Colombia",483.51,"PayPal",8363.68
349,349,"2013-02-04","delivered","2013-02-07","70 Main Alley","China",494.29,"credit card",6299.13
350,350,"2021-10-31","delivered","2021-11-05","9523 6th Road","China",571.03,"cash on delivery",2863.74
351,351,"2020-08-09","pending","2020-08-10","9888 Duke Crossing","Indonesia",282.29,"PayPal",8112.83
352,352,"2016-11-30","delivered","2016-12-02","602 Becker Alley","China",554.71,"PayPal",4614.54
353,353,"2022-05-24","pending","2022-05-25","801 Prairie Rose Center","China",373.15,"PayPal",1133.83
354,354,"2015-09-17","processing","2015-09-18","5 Stephen Court","Indonesia",37.75,"credit card",3084.93
355,355,"2020-04-22","pending","2020-04-24","3 Bay Drive","Russia",496.97,"cash on delivery",9368.89
356,356,"2019-07-17","shipped","2019-07-19","37879 Eliot Lane","China",48.57,"credit card",5305.28
357,357,"2017-05-17","shipped","2017-05-21","5 Emmet Lane","Mexico",314.03,"PayPal",5812.44
358,358,"2015-09-09","shipped","2015-09-10","86 Prairie Rose Crossing","France",565.26,"credit card",3404.69
359,359,"2010-03-31","delivered","2010-04-03","20 Gulseth Lane","Philippines",465.10,"PayPal",7748.02
360,360,"2021-12-23","shipped","2021-12-24","821 Old Gate Lane","Cameroon",395.36,"cash on delivery",7006.20
361,361,"2015-12-20","shipped","2015-12-25","3 Hovde Hill","Russia",470.54,"cash on delivery",2213.45
362,362,"2018-07-31","processing","2018-08-05","249 Carey Drive","China",918.60,"PayPal",6110.58
363,363,"2011-01-26","pending","2011-01-30","8113 Boyd Junction","Guatemala",61.11,"PayPal",1982.73
364,364,"2011-09-15","pending","2011-09-18","8 Shoshone Point","Portugal",290.17,"PayPal",6823.10
365,365,"2019-01-12","shipped","2019-01-14","1 Bartelt Terrace","Indonesia",385.79,"PayPal",9592.80
366,366,"2020-12-12","processing","2020-12-17","3014 Barby Court","Indonesia",42.94,"credit card",4809.18
367,367,"2021-07-18","processing","2021-07-21","502 Mayfield Parkway","Philippines",287.51,"PayPal",6758.97
368,368,"2011-08-27","shipped","2011-09-01","95173 Ridge Oak Road","China",981.51,"cash on delivery",7855.97
369,369,"2018-05-24","processing","2018-05-26","45810 Ryan Park","South Korea",616.22,"cash on delivery",6101.49
370,370,"2016-05-21","processing","2016-05-22","6950 Graedel Hill","Brazil",395.33,"cash on delivery",5757.25
371,371,"2020-09-20","processing","2020-09-23","6 Schiller Trail","Colombia",671.43,"PayPal",3485.69
372,372,"2011-05-11","shipped","2011-05-12","0745 Hansons Pass","Philippines",630.36,"PayPal",9507.47
373,373,"2018-11-04","shipped","2018-11-05","0 Service Road","Russia",358.10,"PayPal",4101.59
374,374,"2015-09-14","delivered","2015-09-16","6 Rowland Plaza","Malta",106.79,"cash on delivery",1344.85
375,375,"2022-02-04","processing","2022-02-09","5 Grasskamp Park","Brazil",14.27,"PayPal",1092.81
376,376,"2011-02-25","shipped","2011-02-26","9 Warner Circle","Brazil",737.24,"credit card",7638.73
377,377,"2021-03-25","delivered","2021-03-26","3079 Brentwood Trail","Indonesia",676.96,"PayPal",3489.40
378,378,"2021-10-01","shipped","2021-10-02","2323 Hovde Drive","Indonesia",109.69,"credit card",2055.74
379,379,"2013-02-21","delivered","2013-02-26","956 Mosinee Street","Portugal",575.56,"PayPal",9968.57
380,380,"2013-11-26","processing","2013-12-01","4802 Lighthouse Bay Crossing","Greece",196.50,"credit card",1430.75
381,381,"2018-04-28","processing","2018-04-29","5 Gateway Place","Philippines",156.65,"PayPal",8839.65
382,382,"2010-12-18","pending","2010-12-22","0079 Summit Way","Nigeria",932.02,"PayPal",2638.00
383,383,"2012-11-02","shipped","2012-11-03","32 Northview Pass","United States",530.30,"credit card",5138.51
384,384,"2012-11-16","delivered","2012-11-19","2911 Hauk Alley","China",213.79,"cash on delivery",804.40
385,385,"2020-07-19","processing","2020-07-22","2 Crowley Circle","Philippines",792.14,"cash on delivery",9380.00
386,386,"2018-11-13","processing","2018-11-17","6818 Oak Junction","Russia",959.96,"PayPal",2709.49
387,387,"2020-12-12","pending","2020-12-15","8 Elmside Hill","Indonesia",222.71,"PayPal",1366.14
388,388,"2018-02-01","shipped","2018-02-04","75 Kinsman Junction","Indonesia",675.74,"cash on delivery",9658.50
389,389,"2016-05-29","processing","2016-05-31","9 Thierer Crossing","China",940.19,"cash on delivery",1879.92
390,390,"2010-12-03","processing","2010-12-07","1828 Jay Junction","China",556.63,"PayPal",7164.38
391,391,"2021-12-12","processing","2021-12-14","655 Paget Circle","Portugal",108.23,"cash on delivery",1131.74
392,392,"2021-08-28","pending","2021-09-02","5 Morningstar Street","France",794.06,"PayPal",6662.16
393,393,"2011-02-27","processing","2011-03-02","61342 Knutson Way","Greece",181.28,"PayPal",7342.90
394,394,"2021-09-06","delivered","2021-09-07","7160 Main Point","China",162.48,"credit card",3442.90
395,395,"2022-01-12","delivered","2022-01-16","91 Pennsylvania Street","Afghanistan",475.91,"PayPal",3528.92
396,396,"2010-10-21","delivered","2010-10-25","21 Beilfuss Drive","Tanzania",478.03,"PayPal",6613.26
397,397,"2017-02-07","shipped","2017-02-09","23 John Wall Parkway","Indonesia",651.07,"PayPal",8580.66
398,398,"2016-06-24","shipped","2016-06-29","04 Waywood Avenue","Indonesia",250.34,"PayPal",5117.43
399,399,"2017-09-15","pending","2017-09-18","75 Warbler Avenue","China",428.58,"cash on delivery",3489.32
400,400,"2015-12-31","delivered","2016-01-04","3 Graedel Parkway","Japan",451.97,"PayPal",4423.09
401,401,"2020-02-14","processing","2020-02-17","33986 Pepper Wood Center","Martinique",621.95,"credit card",3798.85
402,402,"2020-05-31","pending","2020-06-02","361 Commercial Point","Philippines",882.27,"cash on delivery",2666.04
403,403,"2017-01-07","delivered","2017-01-11","94538 Katie Hill","Brazil",878.00,"PayPal",8372.40
404,404,"2022-03-19","processing","2022-03-21","9 Parkside Crossing","Sweden",690.25,"PayPal",8533.94
405,405,"2010-12-09","processing","2010-12-10","4 Miller Crossing","Portugal",87.39,"cash on delivery",5935.22
406,406,"2022-12-23","processing","2022-12-24","25742 Carpenter Road","Indonesia",127.43,"cash on delivery",4834.98
407,407,"2010-07-05","pending","2010-07-09","39949 Trailsway Alley","China",474.09,"PayPal",13.66
408,408,"2016-02-02","shipped","2016-02-06","67 Eagle Crest Plaza","Canada",533.70,"credit card",604.16
409,409,"2011-04-13","delivered","2011-04-17","2 Burrows Way","Indonesia",471.13,"credit card",7941.23
410,410,"2021-12-25","delivered","2021-12-28","3289 Pennsylvania Crossing","Netherlands",94.34,"PayPal",3284.44
411,411,"2021-10-24","pending","2021-10-29","731 4th Circle","United States",956.89,"credit card",436.52
412,412,"2016-09-08","processing","2016-09-09","50080 Spaight Parkway","Brazil",970.77,"PayPal",9304.93
413,413,"2022-09-07","delivered","2022-09-12","4392 Schmedeman Parkway","Switzerland",303.91,"PayPal",1364.76
414,414,"2017-05-02","shipped","2017-05-04","23 Lyons Way","United States",872.65,"credit card",7910.29
415,415,"2012-11-19","shipped","2012-11-24","9 Kensington Way","Namibia",963.46,"PayPal",795.28
416,416,"2011-05-28","processing","2011-05-29","3735 Sunfield Way","Poland",714.86,"PayPal",4317.44
417,417,"2010-05-24","processing","2010-05-25","880 Mariners Cove Parkway","Dominican Republic",927.96,"credit card",5890.30
418,418,"2020-01-26","delivered","2020-01-27","65136 Darwin Road","China",340.90,"cash on delivery",4486.45
419,419,"2019-12-20","pending","2019-12-24","2 Waywood Lane","Russia",973.45,"cash on delivery",3069.13
420,420,"2021-10-02","processing","2021-10-03","4 Grim Parkway","China",826.00,"credit card",1508.86
421,421,"2011-02-07","shipped","2011-02-10","922 Westend Road","Bulgaria",926.07,"cash on delivery",2805.44
422,422,"2010-05-03","processing","2010-05-08","2366 Center Parkway","Cameroon",672.29,"PayPal",7897.49
423,423,"2020-07-05","processing","2020-07-06","24 Loomis Plaza","Ivory Coast",588.59,"PayPal",1188.91
424,424,"2021-06-26","shipped","2021-06-29","2189 Melvin Place","Taiwan",280.56,"PayPal",2939.29
425,425,"2011-12-28","shipped","2011-12-29","58534 Ludington Court","Nigeria",348.44,"credit card",5329.30
426,426,"2015-10-14","delivered","2015-10-19","47341 Homewood Court","Brazil",435.87,"credit card",5642.55
427,427,"2019-05-01","pending","2019-05-04","06 Cody Crossing","Philippines",680.33,"PayPal",8911.63
428,428,"2019-02-11","processing","2019-02-16","878 Nova Way","Indonesia",590.62,"cash on delivery",7842.94
429,429,"2014-07-09","delivered","2014-07-10","7 Merrick Park","Japan",549.44,"PayPal",8382.32
430,430,"2018-05-22","processing","2018-05-25","48479 Golf View Junction","Brazil",21.28,"PayPal",9140.87
431,431,"2020-04-18","pending","2020-04-21","8891 Corry Place","Netherlands",547.21,"credit card",5173.63
432,432,"2017-06-08","shipped","2017-06-12","99887 Portage Parkway","China",801.53,"cash on delivery",7929.34
433,433,"2018-03-17","pending","2018-03-21","1 Eggendart Park","Croatia",153.66,"cash on delivery",260.42
434,434,"2018-09-14","shipped","2018-09-17","01312 Melby Circle","Peru",852.95,"credit card",2571.32
435,435,"2018-09-27","processing","2018-10-02","36047 Briar Crest Crossing","Slovenia",867.06,"credit card",7985.70
436,436,"2013-01-03","processing","2013-01-05","278 4th Plaza","China",654.43,"cash on delivery",1016.65
437,437,"2011-05-05","shipped","2011-05-06","70 Coleman Lane","Venezuela",657.81,"credit card",3665.46
438,438,"2017-04-30","processing","2017-05-03","6727 Melody Place","China",139.08,"cash on delivery",5212.31
439,439,"2021-06-05","processing","2021-06-08","61 Talmadge Way","Czech Republic",591.36,"cash on delivery",661.70
440,440,"2013-05-25","processing","2013-05-30","2 Birchwood Terrace","China",951.33,"credit card",3201.13
441,441,"2020-01-12","delivered","2020-01-15","38813 School Road","China",643.03,"PayPal",5620.70
442,442,"2012-08-03","delivered","2012-08-06","70 Kinsman Plaza","Portugal",307.06,"cash on delivery",5286.25
443,443,"2020-09-04","delivered","2020-09-05","71790 Chive Road","Philippines",743.37,"cash on delivery",4476.94
444,444,"2022-02-12","pending","2022-02-17","396 Duke Plaza","Greece",303.65,"cash on delivery",5438.82
445,445,"2018-03-19","shipped","2018-03-22","74445 Lyons Circle","China",734.21,"PayPal",7946.63
446,446,"2012-03-03","pending","2012-03-05","53706 Barby Pass","Syria",239.35,"PayPal",2136.14
447,447,"2017-11-17","pending","2017-11-21","09 Bayside Pass","China",41.23,"cash on delivery",3096.67
448,448,"2017-01-09","pending","2017-01-11","5 Anzinger Hill","China",39.58,"PayPal",2825.87
449,449,"2017-05-26","delivered","2017-05-30","412 Packers Pass","Sweden",109.50,"cash on delivery",7303.62
450,450,"2019-11-30","pending","2019-12-05","6631 Bayside Center","Uzbekistan",3.34,"PayPal",7485.06
451,451,"2011-12-04","delivered","2011-12-07","67556 Oak Place","Indonesia",52.50,"credit card",729.93
452,452,"2016-04-05","pending","2016-04-10","0790 Pierstorff Park","Philippines",288.51,"credit card",2348.82
453,453,"2011-06-14","shipped","2011-06-19","427 Oakridge Circle","Spain",105.57,"PayPal",6799.89
454,454,"2010-10-02","shipped","2010-10-07","2334 5th Lane","Russia",711.59,"credit card",2704.58
455,455,"2013-11-23","shipped","2013-11-25","14 Buhler Lane","Peru",154.85,"credit card",9137.25
456,456,"2012-01-07","shipped","2012-01-11","977 Eggendart Center","Colombia",383.32,"PayPal",761.01
457,457,"2017-11-13","pending","2017-11-16","487 Golf View Crossing","Poland",65.20,"credit card",4604.19
458,458,"2018-07-30","pending","2018-07-31","45960 Meadow Ridge Pass","Sweden",643.31,"credit card",6926.13
459,459,"2015-06-27","processing","2015-06-28","484 Graedel Parkway","Panama",880.47,"credit card",4585.47
460,460,"2011-05-31","pending","2011-06-02","388 Basil Pass","Indonesia",446.78,"credit card",1957.38
461,461,"2020-02-09","pending","2020-02-11","50179 Farragut Hill","China",377.32,"cash on delivery",9250.26
462,462,"2010-07-01","delivered","2010-07-02","2 Dixon Park","Thailand",425.16,"PayPal",8376.70
463,463,"2010-04-03","shipped","2010-04-04","3904 Hollow Ridge Hill","China",492.56,"credit card",343.63
464,464,"2011-07-17","processing","2011-07-19","04 Huxley Circle","Portugal",613.27,"PayPal",3029.53
465,465,"2015-11-07","shipped","2015-11-08","3032 Sutherland Street","Philippines",625.01,"credit card",9386.85
466,466,"2015-07-14","shipped","2015-07-15","5 Eliot Hill","Brazil",822.02,"PayPal",9664.58
467,467,"2019-08-01","processing","2019-08-06","87516 Surrey Crossing","China",920.03,"PayPal",6687.42
468,468,"2020-02-26","processing","2020-02-27","43669 4th Court","Vietnam",527.70,"PayPal",4057.49
469,469,"2010-06-10","processing","2010-06-11","0743 Derek Place","Portugal",66.62,"cash on delivery",221.45
470,470,"2017-06-21","processing","2017-06-25","173 Farwell Trail","China",859.77,"credit card",1461.71
471,471,"2015-06-12","shipped","2015-06-13","4 Ohio Terrace","Sweden",907.14,"credit card",1332.46
472,472,"2018-12-01","delivered","2018-12-02","4710 Jenna Crossing","Mexico",173.95,"credit card",1787.74
473,473,"2016-08-10","shipped","2016-08-13","82 Eastwood Road","Indonesia",466.25,"PayPal",2888.60
474,474,"2022-06-24","pending","2022-06-27","67789 Sutteridge Way","Poland",563.93,"PayPal",9057.44
475,475,"2010-09-15","pending","2010-09-20","00 Dottie Drive","Belarus",92.87,"PayPal",9230.32
476,476,"2013-05-09","shipped","2013-05-13","49948 Marcy Junction","China",709.76,"credit card",607.51
477,477,"2019-06-21","processing","2019-06-25","5124 Stoughton Avenue","France",457.46,"credit card",2858.32
478,478,"2011-10-18","delivered","2011-10-22","76034 Harper Pass","Netherlands",50.37,"PayPal",7421.76
479,479,"2017-04-14","delivered","2017-04-19","0 Katie Point","China",686.28,"PayPal",6849.59
480,480,"2011-05-04","pending","2011-05-07","08 Fairview Avenue","China",524.87,"cash on delivery",1248.52
481,481,"2010-05-16","delivered","2010-05-18","66680 Warrior Road","China",293.34,"PayPal",2202.52
482,482,"2018-12-15","delivered","2018-12-19","3 Continental Place","Philippines",183.12,"cash on delivery",2462.11
483,483,"2010-06-06","processing","2010-06-07","186 Valley Edge Pass","Iran",866.92,"credit card",1795.55
484,484,"2021-07-29","pending","2021-08-02","2803 Forest Dale Circle","Brazil",192.47,"PayPal",6056.27
485,485,"2011-10-07","pending","2011-10-12","970 Corscot Parkway","France",112.07,"PayPal",4021.89
486,486,"2017-10-31","processing","2017-11-04","6 Logan Avenue","Poland",215.02,"cash on delivery",543.52
487,487,"2017-11-06","delivered","2017-11-07","44 Ilene Way","Portugal",882.38,"PayPal",3202.99
488,488,"2013-09-28","processing","2013-09-30","46903 Petterle Court","Vietnam",815.20,"cash on delivery",8912.91
489,489,"2016-11-27","pending","2016-11-30","59 Prairieview Parkway","Thailand",688.71,"cash on delivery",531.10
490,490,"2021-02-25","processing","2021-02-27","01095 Stang Center","Indonesia",807.94,"PayPal",1285.69
491,491,"2011-04-27","shipped","2011-04-30","41 Clarendon Pass","China",669.86,"PayPal",354.08
492,492,"2022-04-02","delivered","2022-04-05","69 Ohio Court","Russia",344.36,"credit card",604.72
493,493,"2013-12-31","delivered","2014-01-05","843 Sauthoff Center","Indonesia",622.08,"cash on delivery",5888.22
494,494,"2010-02-02","shipped","2010-02-05","48126 Kensington Trail","South Africa",794.95,"PayPal",6640.87
495,495,"2020-11-30","processing","2020-12-03","88172 Golf Course Place","Poland",432.13,"cash on delivery",9531.77
496,496,"2020-04-03","pending","2020-04-06","39548 Melvin Avenue","Indonesia",822.62,"credit card",5799.40
497,497,"2017-01-28","pending","2017-02-01","9629 Erie Center","Nigeria",525.35,"credit card",296.00
498,498,"2021-11-05","processing","2021-11-09","3 La Follette Park","Ethiopia",953.24,"credit card",2097.61
499,499,"2019-09-06","pending","2019-09-11","16332 Tomscot Street","China",303.60,"credit card",9619.80
500,500,"2013-10-21","delivered","2013-10-23","55763 Shasta Way","Albania",732.29,"credit card",3176.85
501,501,"2011-08-16","pending","2011-08-19","16337 Schurz Trail","Indonesia",287.67,"PayPal",3868.22
502,502,"2020-11-08","delivered","2020-11-12","276 Graceland Avenue","Indonesia",976.62,"PayPal",2783.51
503,503,"2019-01-31","delivered","2019-02-01","0 Clyde Gallagher Parkway","China",630.90,"PayPal",5792.69
504,504,"2020-05-09","shipped","2020-05-12","286 Milwaukee Drive","Japan",432.45,"PayPal",5284.99
505,505,"2013-10-21","pending","2013-10-26","97 Ronald Regan Road","United States",772.33,"cash on delivery",9211.50
506,506,"2014-04-26","shipped","2014-04-30","32765 La Follette Alley","Tanzania",925.27,"cash on delivery",6159.65
507,507,"2018-04-22","pending","2018-04-27","1374 Maple Wood Hill","Russia",917.64,"cash on delivery",4683.45
508,508,"2013-12-13","processing","2013-12-15","0363 Carey Place","China",834.18,"credit card",1267.92
509,509,"2016-08-29","shipped","2016-09-02","6 Sycamore Way","Portugal",525.28,"credit card",584.35
510,510,"2016-04-08","pending","2016-04-12","35 Loomis Park","Russia",859.66,"PayPal",9334.88
511,511,"2014-07-23","shipped","2014-07-28","5 Gerald Way","France",685.13,"PayPal",9.93
512,512,"2022-09-28","delivered","2022-10-03","365 Anniversary Hill","Portugal",636.22,"credit card",4596.22
513,513,"2015-03-26","pending","2015-03-30","4491 Grim Center","Russia",327.40,"cash on delivery",9910.45
514,514,"2019-02-19","shipped","2019-02-22","48925 Graceland Point","Panama",615.82,"cash on delivery",3067.02
515,515,"2015-04-18","delivered","2015-04-21","7 Spaight Alley","China",263.13,"credit card",8700.04
516,516,"2019-12-30","shipped","2020-01-02","6 Florence Lane","Mongolia",853.17,"cash on delivery",4091.40
517,517,"2011-06-14","pending","2011-06-18","13863 Service Trail","China",43.93,"cash on delivery",2981.03
518,518,"2010-10-10","pending","2010-10-11","58 Butternut Pass","Philippines",226.05,"cash on delivery",5930.76
519,519,"2014-05-11","processing","2014-05-12","6572 Jackson Trail","Vietnam",690.39,"PayPal",1847.49
520,520,"2020-10-26","shipped","2020-10-31","2 Heffernan Way","Ukraine",347.32,"cash on delivery",7077.14
521,521,"2018-07-16","delivered","2018-07-17","675 Kinsman Lane","China",989.65,"PayPal",5844.96
522,522,"2010-06-09","shipped","2010-06-12","6327 Almo Trail","Russia",382.84,"PayPal",7180.57
523,523,"2014-09-25","delivered","2014-09-29","076 Ramsey Drive","China",895.00,"credit card",1920.20
524,524,"2011-02-02","pending","2011-02-06","3 Village Green Avenue","China",631.81,"PayPal",8168.60
525,525,"2015-03-20","processing","2015-03-24","31 Manley Terrace","Indonesia",65.26,"credit card",995.51
526,526,"2017-03-20","processing","2017-03-24","71418 Holy Cross Plaza","Malaysia",819.59,"credit card",9424.96
527,527,"2020-12-26","delivered","2020-12-30","6 Fair Oaks Hill","Indonesia",971.77,"PayPal",5208.33
528,528,"2011-12-09","pending","2011-12-12","10 Sutherland Plaza","China",3.22,"cash on delivery",3582.71
529,529,"2019-03-07","shipped","2019-03-11","48284 Melby Pass","Colombia",606.60,"PayPal",7820.31
530,530,"2010-04-28","shipped","2010-05-01","35235 Warner Place","Indonesia",649.15,"PayPal",2196.48
531,531,"2022-05-12","shipped","2022-05-13","31 Dayton Parkway","Panama",839.99,"cash on delivery",6975.80
532,532,"2020-09-07","processing","2020-09-11","6 Cottonwood Lane","China",637.86,"cash on delivery",7468.04
533,533,"2011-06-13","pending","2011-06-14","71 Vera Trail","Armenia",411.94,"cash on delivery",9633.66
534,534,"2012-04-24","shipped","2012-04-28","79700 Anderson Trail","Indonesia",223.24,"PayPal",7781.25
535,535,"2017-04-12","processing","2017-04-15","06 Doe Crossing Way","Norway",384.15,"PayPal",9100.11
536,536,"2015-09-10","pending","2015-09-12","94 Quincy Park","Uganda",962.73,"credit card",7864.13
537,537,"2020-08-06","pending","2020-08-10","4 Old Gate Crossing","Portugal",44.82,"credit card",1116.62
538,538,"2015-08-01","processing","2015-08-02","58 Elgar Junction","China",708.64,"credit card",5715.78
539,539,"2010-05-13","shipped","2010-05-16","99968 Carey Terrace","Estonia",704.06,"credit card",8924.85
540,540,"2021-01-11","pending","2021-01-15","308 Union Point","Russia",970.98,"PayPal",3805.86
541,541,"2012-09-16","shipped","2012-09-19","39 Burning Wood Park","Czech Republic",502.64,"PayPal",2854.51
542,542,"2021-07-15","delivered","2021-07-16","2110 Holmberg Terrace","China",199.44,"credit card",406.64
543,543,"2018-08-01","pending","2018-08-02","5896 Village Green Hill","Brazil",179.05,"PayPal",2267.25
544,544,"2011-03-07","delivered","2011-03-10","203 Westport Hill","China",19.37,"credit card",7166.23
545,545,"2010-10-11","delivered","2010-10-13","246 Magdeline Center","United States",839.20,"PayPal",9428.55
546,546,"2019-08-02","processing","2019-08-06","2 Hoard Terrace","Indonesia",726.83,"credit card",6842.67
547,547,"2010-10-01","shipped","2010-10-05","973 Elmside Street","Ukraine",205.00,"cash on delivery",5957.43
548,548,"2013-10-07","processing","2013-10-10","9787 Barnett Pass","Iran",825.22,"PayPal",4655.63
549,549,"2017-11-10","delivered","2017-11-12","03 Lerdahl Park","Ukraine",467.24,"credit card",4831.24
550,550,"2011-08-14","shipped","2011-08-15","08 Marquette Terrace","Portugal",312.03,"credit card",1559.09
551,551,"2020-03-03","delivered","2020-03-06","72 Forest Dale Terrace","Indonesia",362.89,"cash on delivery",3463.33
552,552,"2020-07-29","processing","2020-07-31","614 Garrison Street","Paraguay",667.39,"cash on delivery",5793.44
553,553,"2021-04-20","delivered","2021-04-21","604 Burning Wood Junction","Portugal",708.53,"credit card",3329.61
554,554,"2010-06-05","shipped","2010-06-06","79 Heath Way","France",560.55,"credit card",7304.79
555,555,"2014-04-09","pending","2014-04-10","290 South Junction","France",244.45,"PayPal",9448.97
556,556,"2014-09-15","delivered","2014-09-17","2292 Manley Alley","Iran",977.81,"credit card",7821.96
557,557,"2017-09-13","shipped","2017-09-16","19037 7th Crossing","Malaysia",75.67,"PayPal",346.73
558,558,"2015-12-22","shipped","2015-12-25","311 Dakota Parkway","China",80.55,"credit card",7797.30
559,559,"2011-10-20","pending","2011-10-23","14030 Riverside Way","Ukraine",895.95,"PayPal",1167.09
560,560,"2016-09-28","shipped","2016-10-02","40767 Sunnyside Lane","Finland",811.58,"cash on delivery",7274.38
561,561,"2019-02-22","delivered","2019-02-25","081 Roxbury Drive","Haiti",236.01,"cash on delivery",1418.97
562,562,"2019-04-18","pending","2019-04-20","032 West Drive","China",741.65,"cash on delivery",3550.05
563,563,"2020-10-28","processing","2020-10-30","93 Fuller Avenue","Philippines",997.29,"cash on delivery",7194.03
564,564,"2021-07-02","pending","2021-07-06","25212 Warner Avenue","China",847.34,"PayPal",1777.88
565,565,"2014-07-24","pending","2014-07-27","97 Lakewood Pass","Slovenia",657.70,"PayPal",6045.36
566,566,"2014-01-16","processing","2014-01-19","07 Mcguire Drive","Peru",712.06,"cash on delivery",5819.60
567,567,"2022-03-31","processing","2022-04-02","310 Lawn Crossing","Russia",447.90,"PayPal",7703.16
568,568,"2010-09-25","delivered","2010-09-26","81143 Kim Park","Colombia",193.52,"PayPal",3625.12
569,569,"2020-11-22","shipped","2020-11-24","8 Graedel Hill","Czech Republic",935.16,"credit card",3511.65
570,570,"2014-08-15","processing","2014-08-18","7127 Dapin Center","France",918.70,"PayPal",3840.15
571,571,"2014-12-29","processing","2014-12-30","734 Division Hill","Philippines",674.10,"credit card",4284.90
572,572,"2013-06-07","delivered","2013-06-10","4 Monterey Junction","China",694.19,"PayPal",9891.42
573,573,"2020-04-20","processing","2020-04-21","6 Doe Crossing Plaza","United States",352.56,"cash on delivery",4076.17
574,574,"2017-08-04","pending","2017-08-05","22169 Beilfuss Terrace","Armenia",143.73,"credit card",4680.05
575,575,"2012-12-14","pending","2012-12-15","5014 Riverside Hill","France",962.22,"credit card",1376.00
576,576,"2018-12-20","pending","2018-12-23","61905 Transport Plaza","Sri Lanka",508.69,"credit card",246.32
577,577,"2014-10-27","shipped","2014-10-31","0 Donald Junction","Greece",118.56,"cash on delivery",224.00
578,578,"2018-09-13","processing","2018-09-14","4 Scott Circle","Ukraine",26.19,"PayPal",1732.01
579,579,"2020-08-09","shipped","2020-08-10","68 Badeau Terrace","China",351.30,"PayPal",5086.89
580,580,"2018-02-04","shipped","2018-02-09","2913 Summer Ridge Junction","Mauritius",940.95,"cash on delivery",5582.94
581,581,"2012-08-29","pending","2012-09-03","609 Knutson Circle","China",831.17,"PayPal",8639.93
582,582,"2015-12-20","processing","2015-12-21","2044 Towne Court","China",431.79,"PayPal",6601.40
583,583,"2022-10-18","pending","2022-10-20","8455 Pine View Drive","Nicaragua",807.02,"credit card",7185.13
584,584,"2015-04-25","pending","2015-04-28","87 Eliot Lane","China",850.22,"credit card",8747.21
585,585,"2019-04-14","pending","2019-04-16","8 Forest Lane","Brazil",209.24,"PayPal",1800.84
586,586,"2010-10-01","delivered","2010-10-02","579 Kim Point","Kazakhstan",642.88,"PayPal",4274.11
587,587,"2020-11-02","shipped","2020-11-03","27 Schlimgen Center","Philippines",43.08,"cash on delivery",86.33
588,588,"2018-07-16","shipped","2018-07-21","33499 Harbort Place","Indonesia",503.10,"cash on delivery",7087.70
589,589,"2020-09-18","pending","2020-09-20","71 Huxley Pass","Ireland",193.72,"cash on delivery",1305.08
590,590,"2011-05-01","processing","2011-05-02","1830 Moose Lane","Indonesia",597.75,"credit card",5810.53
591,591,"2022-11-01","shipped","2022-11-05","3 Tony Avenue","China",935.39,"credit card",2092.01
592,592,"2021-11-24","delivered","2021-11-26","2 Burrows Drive","Indonesia",108.67,"credit card",9693.52
593,593,"2010-02-25","processing","2010-02-28","495 7th Place","United States",811.88,"credit card",6609.67
594,594,"2012-11-19","shipped","2012-11-22","75610 Fulton Place","Brazil",827.05,"cash on delivery",7602.03
595,595,"2013-09-22","pending","2013-09-25","3939 Bluejay Point","Poland",713.49,"cash on delivery",810.61
596,596,"2016-03-10","delivered","2016-03-12","81085 Florence Plaza","Sweden",870.77,"PayPal",862.61
597,597,"2017-03-04","pending","2017-03-07","44 Crest Line Crossing","Albania",198.52,"PayPal",733.34
598,598,"2014-07-24","processing","2014-07-28","37430 Anthes Crossing","Yemen",173.98,"credit card",2858.32
599,599,"2022-11-14","pending","2022-11-19","3923 Lawn Parkway","Germany",209.46,"PayPal",4948.23
600,600,"2018-09-06","pending","2018-09-11","493 Vermont Junction","Argentina",412.95,"cash on delivery",203.45
601,601,"2018-02-22","pending","2018-02-26","48456 Surrey Trail","Indonesia",823.39,"credit card",2459.42
602,602,"2012-05-23","processing","2012-05-28","4 La Follette Avenue","Indonesia",6.84,"PayPal",7536.21
603,603,"2015-08-19","pending","2015-08-20","67981 Kennedy Avenue","Mexico",220.00,"cash on delivery",2776.18
604,604,"2011-10-05","pending","2011-10-07","8688 Memorial Center","Iran",406.72,"credit card",4948.12
605,605,"2015-01-03","delivered","2015-01-08","407 Havey Avenue","China",825.79,"credit card",1740.12
606,606,"2022-10-18","delivered","2022-10-21","5610 Pearson Center","Georgia",456.91,"PayPal",1398.14
607,607,"2015-09-06","shipped","2015-09-11","278 Doe Crossing Junction","Japan",536.13,"PayPal",6822.87
608,608,"2010-02-27","shipped","2010-02-28","33 Fair Oaks Point","China",627.59,"credit card",1193.72
609,609,"2012-10-02","pending","2012-10-07","182 Waywood Alley","Brazil",558.99,"PayPal",9100.29
610,610,"2013-02-01","pending","2013-02-03","58 Autumn Leaf Alley","China",734.10,"PayPal",3490.41
611,611,"2012-02-09","shipped","2012-02-10","55962 Vidon Circle","Tunisia",382.74,"credit card",2737.47
612,612,"2017-04-11","pending","2017-04-15","1 Eliot Lane","China",659.46,"PayPal",6718.55
613,613,"2010-01-18","shipped","2010-01-23","27 Amoth Alley","Brazil",863.26,"PayPal",5444.41
614,614,"2022-04-08","shipped","2022-04-10","523 Meadow Ridge Place","Brazil",542.20,"PayPal",177.03
615,615,"2017-01-25","processing","2017-01-28","340 Washington Terrace","China",903.33,"cash on delivery",1198.96
616,616,"2018-11-12","shipped","2018-11-16","2 Vermont Lane","Colombia",877.83,"PayPal",2067.11
617,617,"2012-07-20","pending","2012-07-21","947 Petterle Pass","Georgia",301.91,"PayPal",5243.21
618,618,"2022-10-12","processing","2022-10-16","697 7th Parkway","Indonesia",121.63,"cash on delivery",1124.12
619,619,"2014-07-07","pending","2014-07-12","80 Cottonwood Point","Norway",331.90,"PayPal",2307.60
620,620,"2016-02-15","shipped","2016-02-16","5 Chinook Trail","Palestinian Territory",376.26,"credit card",7973.38
621,621,"2021-03-19","pending","2021-03-22","88365 Elmside Hill","China",842.88,"PayPal",8186.51
622,622,"2022-07-02","processing","2022-07-03","0 Bunker Hill Court","Dominican Republic",22.41,"credit card",3966.54
623,623,"2020-03-05","pending","2020-03-08","6718 Red Cloud Drive","Russia",203.40,"credit card",4943.81
624,624,"2020-11-13","pending","2020-11-17","3 Park Meadow Park","Poland",914.67,"credit card",3912.31
625,625,"2016-07-16","delivered","2016-07-20","0 Center Avenue","France",489.39,"cash on delivery",3349.12
626,626,"2012-09-10","shipped","2012-09-13","8 Union Court","Brazil",703.39,"credit card",9930.55
627,627,"2013-05-28","processing","2013-05-31","34760 Tennyson Park","South Africa",71.39,"credit card",8560.40
628,628,"2013-03-02","pending","2013-03-03","2060 Menomonie Way","Sweden",473.26,"cash on delivery",7087.41
629,629,"2018-06-28","delivered","2018-07-03","4120 Lillian Road","Japan",443.91,"credit card",4586.78
630,630,"2015-11-06","shipped","2015-11-11","1 Doe Crossing Avenue","Samoa",541.25,"PayPal",2047.34
631,631,"2021-05-03","delivered","2021-05-07","465 Sauthoff Place","United States",398.12,"credit card",8307.14
632,632,"2017-01-29","delivered","2017-01-31","5407 Summerview Center","Japan",108.30,"PayPal",6832.29
633,633,"2015-07-20","processing","2015-07-25","4644 Lien Way","Nigeria",308.30,"PayPal",3485.94
634,634,"2014-03-31","shipped","2014-04-03","00073 Everett Junction","Philippines",916.67,"cash on delivery",1160.35
635,635,"2013-04-17","pending","2013-04-19","8 Mosinee Way","Indonesia",7.79,"credit card",7833.05
636,636,"2019-05-10","delivered","2019-05-13","0883 Scott Drive","Thailand",708.33,"PayPal",6662.55
637,637,"2020-08-16","processing","2020-08-21","0 Fairview Lane","Indonesia",319.10,"PayPal",6877.73
638,638,"2021-09-16","processing","2021-09-18","9 Hermina Park","Morocco",981.27,"credit card",8880.65
639,639,"2018-11-01","pending","2018-11-05","32 Manley Hill","Palestinian Territory",36.79,"PayPal",575.95
640,640,"2013-01-01","shipped","2013-01-02","1 Service Alley","China",336.94,"credit card",5814.24
641,641,"2019-01-20","delivered","2019-01-21","3203 Moose Way","Spain",217.46,"PayPal",9444.32
642,642,"2011-02-05","shipped","2011-02-10","6189 Thackeray Way","China",251.73,"cash on delivery",8445.69
643,643,"2012-03-14","shipped","2012-03-17","25505 Ruskin Trail","Indonesia",610.55,"credit card",2154.23
644,644,"2020-08-08","pending","2020-08-11","84563 Barnett Plaza","China",928.86,"credit card",7125.71
645,645,"2013-12-14","processing","2013-12-17","7 Spohn Place","Croatia",311.61,"cash on delivery",1275.31
646,646,"2019-09-23","shipped","2019-09-24","9 Pawling Alley","Brazil",210.04,"credit card",3429.82
647,647,"2011-10-29","shipped","2011-11-03","14 Fulton Lane","Greece",296.01,"credit card",8463.08
648,648,"2011-12-15","processing","2011-12-18","1 Canary Lane","Kyrgyzstan",771.62,"credit card",5810.63
649,649,"2010-11-12","pending","2010-11-15","21 Granby Park","China",209.12,"PayPal",140.12
650,650,"2010-01-18","delivered","2010-01-23","66628 Schurz Hill","China",624.58,"credit card",3397.38
651,651,"2020-04-20","shipped","2020-04-24","417 Bellgrove Plaza","Portugal",549.73,"credit card",527.51
652,652,"2011-06-25","pending","2011-06-28","26 Village Green Avenue","France",306.28,"credit card",6540.94
653,653,"2010-02-27","processing","2010-03-04","329 Marcy Park","Indonesia",839.68,"PayPal",4968.81
654,654,"2019-02-11","delivered","2019-02-15","5 Village Trail","China",665.55,"cash on delivery",8291.58
655,655,"2011-06-03","processing","2011-06-08","2456 Roth Way","Serbia",890.78,"credit card",2554.63
656,656,"2019-05-01","delivered","2019-05-04","242 Myrtle Way","Saudi Arabia",451.07,"PayPal",1800.64
657,657,"2018-10-07","processing","2018-10-09","84 Warrior Circle","Argentina",960.96,"credit card",8088.53
658,658,"2013-06-17","delivered","2013-06-20","643 Sunbrook Avenue","Indonesia",491.89,"PayPal",9107.06
659,659,"2022-05-12","delivered","2022-05-17","8754 Walton Court","Zambia",407.43,"PayPal",1270.10
660,660,"2019-08-02","processing","2019-08-03","91042 Golf View Road","China",367.56,"cash on delivery",3256.57
661,661,"2021-07-15","processing","2021-07-16","7494 Stoughton Parkway","Macedonia",808.58,"credit card",9320.77
662,662,"2018-06-30","processing","2018-07-03","86744 Bluestem Avenue","Russia",129.89,"cash on delivery",1666.45
663,663,"2016-11-02","shipped","2016-11-06","84059 Rusk Court","Indonesia",697.21,"PayPal",6944.40
664,664,"2018-06-01","processing","2018-06-03","640 Miller Point","Russia",365.30,"PayPal",4843.69
665,665,"2019-06-25","pending","2019-06-30","74 Golf View Crossing","China",212.67,"cash on delivery",5413.26
666,666,"2010-09-10","pending","2010-09-14","104 Park Meadow Parkway","Indonesia",845.39,"PayPal",527.16
668,668,"2021-06-04","shipped","2021-06-05","4 Artisan Center","Belarus",392.52,"cash on delivery",7746.55
669,669,"2020-03-25","pending","2020-03-27","1 Mallory Way","Poland",515.93,"credit card",7672.55
670,670,"2015-02-20","pending","2015-02-22","0 Glendale Street","Poland",741.72,"credit card",8350.08
671,671,"2011-12-04","delivered","2011-12-05","064 Melody Road","Czech Republic",940.31,"PayPal",7965.57
672,672,"2013-06-02","delivered","2013-06-05","4 Darwin Point","Colombia",461.81,"credit card",2556.33
673,673,"2016-10-21","processing","2016-10-26","9596 Rowland Drive","China",613.11,"cash on delivery",8546.20
674,674,"2017-09-18","delivered","2017-09-22","57 Paget Junction","China",309.09,"cash on delivery",5501.24
675,675,"2013-08-09","delivered","2013-08-10","80317 Bellgrove Circle","Bulgaria",434.01,"PayPal",8878.05
676,676,"2015-10-10","delivered","2015-10-11","70 Sherman Drive","Egypt",857.01,"cash on delivery",8094.81
677,677,"2010-01-19","delivered","2010-01-24","5 Dahle Road","Indonesia",764.54,"PayPal",5822.96
678,678,"2018-06-24","pending","2018-06-28","73917 Basil Street","Indonesia",532.90,"cash on delivery",9865.00
679,679,"2020-11-10","pending","2020-11-15","57 Mccormick Street","Kazakhstan",395.41,"PayPal",2146.95
680,680,"2012-03-26","pending","2012-03-30","319 Bartelt Plaza","Peru",952.84,"cash on delivery",1712.58
681,681,"2021-05-09","shipped","2021-05-12","185 Reinke Terrace","Honduras",769.51,"credit card",2241.56
682,682,"2017-07-02","pending","2017-07-04","2 Manley Place","Indonesia",990.47,"PayPal",2611.42
683,683,"2020-09-12","shipped","2020-09-15","0 Tennessee Plaza","Indonesia",321.04,"credit card",2231.74
684,684,"2020-01-16","shipped","2020-01-19","251 Orin Circle","Poland",290.43,"credit card",6414.98
685,685,"2014-06-12","shipped","2014-06-14","362 Bartillon Place","Peru",593.92,"cash on delivery",7669.93
686,686,"2020-05-06","processing","2020-05-11","761 Forest Run Court","Greece",267.36,"credit card",2369.69
687,687,"2015-12-10","shipped","2015-12-12","9397 Hovde Circle","Philippines",190.27,"credit card",3149.22
688,688,"2018-12-11","pending","2018-12-13","061 Bellgrove Junction","Poland",239.41,"cash on delivery",2118.51
689,689,"2021-03-14","delivered","2021-03-15","45 Ronald Regan Court","France",509.15,"PayPal",1529.32
690,690,"2011-03-27","processing","2011-03-31","5315 Schiller Pass","Pakistan",367.63,"cash on delivery",4746.96
691,691,"2018-03-15","pending","2018-03-17","9549 Fordem Plaza","France",786.14,"credit card",1380.85
692,692,"2011-06-20","pending","2011-06-23","34 Shelley Center","China",411.40,"credit card",7722.59
693,693,"2011-08-05","pending","2011-08-10","394 Ridge Oak Way","Poland",813.63,"cash on delivery",2607.95
694,694,"2021-04-04","delivered","2021-04-05","13993 Kipling Place","Armenia",905.68,"PayPal",2401.88
695,695,"2019-05-13","shipped","2019-05-17","69 5th Court","Poland",914.50,"PayPal",6640.63
696,696,"2015-01-21","processing","2015-01-22","07 Mayfield Place","Portugal",324.16,"cash on delivery",6618.95
697,697,"2018-03-16","delivered","2018-03-17","9090 Darwin Drive","Canada",752.47,"PayPal",5830.28
698,698,"2011-12-31","pending","2012-01-05","84028 Gulseth Way","Indonesia",964.34,"credit card",2015.91
699,699,"2020-09-01","pending","2020-09-03","7082 Merrick Way","Norway",526.74,"PayPal",8824.10
700,700,"2022-06-12","processing","2022-06-15","4813 Lakewood Drive","China",182.75,"PayPal",6676.84
701,701,"2011-08-30","processing","2011-09-01","461 Gale Pass","Brazil",265.46,"PayPal",757.72
702,702,"2014-04-11","delivered","2014-04-15","4 Melrose Street","Ukraine",667.90,"credit card",4808.07
703,703,"2015-08-16","delivered","2015-08-17","50 Trailsway Park","Yemen",155.67,"PayPal",3920.25
704,704,"2021-12-24","pending","2021-12-26","4 Grayhawk Junction","Indonesia",906.07,"PayPal",3809.07
705,705,"2015-05-10","pending","2015-05-12","6 Debra Pass","France",391.12,"PayPal",9832.91
706,706,"2012-03-12","processing","2012-03-17","45 Laurel Lane","Indonesia",29.41,"credit card",2106.62
707,707,"2011-06-06","shipped","2011-06-09","24124 Hauk Street","China",942.47,"PayPal",8787.89
708,708,"2013-05-24","delivered","2013-05-27","3 Orin Alley","Russia",901.24,"credit card",7021.10
709,709,"2013-07-08","pending","2013-07-09","4163 Iowa Way","Albania",699.70,"credit card",6342.48
710,710,"2016-06-13","processing","2016-06-18","1719 Fordem Plaza","China",567.06,"PayPal",970.46
711,711,"2012-06-24","shipped","2012-06-29","17 Kennedy Street","Russia",533.94,"cash on delivery",66.19
712,712,"2018-07-07","shipped","2018-07-10","08 Tennessee Drive","Ukraine",65.09,"cash on delivery",2238.38
713,713,"2010-11-15","processing","2010-11-17","1471 Eagle Crest Point","China",521.44,"credit card",1251.14
714,714,"2014-11-27","processing","2014-11-30","0143 Northland Court","China",658.79,"credit card",6483.74
715,715,"2015-01-26","pending","2015-01-30","945 Cody Hill","China",675.19,"credit card",5770.85
716,716,"2022-12-17","pending","2022-12-20","3059 Dwight Park","Philippines",252.88,"credit card",1260.43
717,717,"2020-02-29","delivered","2020-03-01","195 Burrows Circle","Mexico",75.35,"credit card",2351.84
718,718,"2016-12-10","pending","2016-12-11","4192 Annamark Avenue","Philippines",380.85,"credit card",1979.77
719,719,"2019-01-17","pending","2019-01-21","7683 Sage Terrace","Aland Islands",409.63,"cash on delivery",4944.52
720,720,"2018-05-02","delivered","2018-05-07","45 Paget Crossing","Madagascar",775.52,"credit card",5039.02
721,721,"2010-11-30","processing","2010-12-03","08 Fisk Plaza","Honduras",463.03,"PayPal",6878.82
722,722,"2015-09-03","processing","2015-09-05","04 Beilfuss Alley","Malta",393.78,"credit card",9979.46
723,723,"2020-01-27","processing","2020-01-29","779 Burrows Pass","Afghanistan",522.84,"credit card",4860.84
724,724,"2017-09-10","pending","2017-09-12","50592 Kenwood Center","China",552.03,"cash on delivery",7664.22
725,725,"2021-11-25","processing","2021-11-28","3 Magdeline Parkway","France",857.70,"PayPal",3981.07
726,726,"2011-09-06","processing","2011-09-07","39 Helena Junction","Morocco",249.23,"cash on delivery",4502.33
727,727,"2017-09-27","shipped","2017-09-30","5 Loftsgordon Avenue","China",209.12,"PayPal",1872.76
728,728,"2015-08-07","pending","2015-08-11","2 Quincy Plaza","Ethiopia",753.59,"PayPal",5563.64
729,729,"2015-02-09","processing","2015-02-12","1 Scott Drive","Philippines",97.14,"PayPal",3154.07
730,730,"2012-02-14","delivered","2012-02-19","94 Moulton Terrace","Indonesia",396.61,"PayPal",2568.28
731,731,"2010-01-26","delivered","2010-01-30","9 Monterey Pass","Indonesia",429.03,"cash on delivery",8019.55
732,732,"2015-05-03","delivered","2015-05-06","82 Sunfield Park","Afghanistan",209.22,"credit card",544.23
733,733,"2021-11-03","pending","2021-11-08","8300 Division Junction","China",372.22,"PayPal",896.63
734,734,"2017-01-21","shipped","2017-01-23","4 Shopko Center","Brazil",177.90,"cash on delivery",3710.37
735,735,"2017-12-19","processing","2017-12-20","740 Old Gate Way","Brazil",841.92,"cash on delivery",1901.00
736,736,"2014-11-29","shipped","2014-12-02","3 Warrior Park","Uruguay",487.43,"credit card",5544.23
737,737,"2019-03-01","shipped","2019-03-05","33945 Russell Park","Kuwait",642.04,"credit card",1944.64
738,738,"2011-05-08","processing","2011-05-09","69914 Nelson Street","Canada",810.84,"credit card",7616.12
739,739,"2017-12-19","processing","2017-12-24","600 Lakewood Point","United States",266.21,"cash on delivery",573.11
741,741,"2012-07-23","delivered","2012-07-28","0092 Sage Road","Czech Republic",529.72,"cash on delivery",3410.96
742,742,"2013-02-21","processing","2013-02-23","9287 Menomonie Place","Sweden",428.35,"cash on delivery",1041.63
743,743,"2010-07-06","shipped","2010-07-07","54 Melrose Point","Brazil",139.46,"credit card",7662.96
744,744,"2010-11-15","processing","2010-11-19","72712 Alpine Drive","Haiti",271.60,"credit card",4008.76
745,745,"2013-07-08","pending","2013-07-10","84751 Elmside Terrace","Poland",180.98,"PayPal",6605.34
746,746,"2014-03-11","shipped","2014-03-16","15 Garrison Center","Honduras",485.58,"credit card",2631.04
747,747,"2011-12-07","shipped","2011-12-09","38295 Transport Road","Tunisia",162.60,"credit card",6515.34
748,748,"2011-03-09","shipped","2011-03-13","33146 Barby Road","Russia",676.42,"credit card",9676.46
749,749,"2016-09-01","delivered","2016-09-06","948 Dottie Road","Montenegro",513.57,"credit card",8216.71
750,750,"2010-05-10","processing","2010-05-15","00175 Bunker Hill Way","Russia",483.54,"cash on delivery",6580.43
751,751,"2011-05-05","delivered","2011-05-08","75185 Bobwhite Street","Brazil",16.79,"PayPal",1424.94
752,752,"2018-02-17","pending","2018-02-22","4 6th Drive","Sweden",251.64,"PayPal",5968.01
753,753,"2011-06-12","pending","2011-06-17","44773 Daystar Center","United States",898.09,"PayPal",7695.25
754,754,"2015-12-03","processing","2015-12-05","8 Kings Road","China",468.61,"cash on delivery",111.51
755,755,"2017-08-31","shipped","2017-09-01","2941 Moulton Way","Netherlands",954.52,"PayPal",6933.48
756,756,"2016-07-16","shipped","2016-07-21","6065 Rowland Way","China",573.05,"cash on delivery",4710.18
757,757,"2010-06-16","shipped","2010-06-18","652 Forest Pass","China",34.30,"cash on delivery",1872.26
758,758,"2020-09-18","delivered","2020-09-21","152 Brickson Park Avenue","Paraguay",491.89,"PayPal",2266.03
759,759,"2011-08-10","pending","2011-08-15","4697 Donald Alley","Brazil",660.28,"PayPal",9731.20
760,760,"2014-12-04","pending","2014-12-05","40875 Lien Avenue","Russia",52.51,"PayPal",6017.95
761,761,"2016-08-25","pending","2016-08-29","8524 Paget Junction","France",491.02,"PayPal",2021.80
762,762,"2019-03-04","pending","2019-03-05","1672 Lotheville Point","Colombia",154.89,"cash on delivery",3031.49
763,763,"2019-05-11","pending","2019-05-14","150 Melrose Street","Indonesia",831.36,"PayPal",6885.94
764,764,"2015-05-19","processing","2015-05-22","12 Rigney Parkway","Brazil",394.16,"PayPal",2254.11
765,765,"2019-09-13","pending","2019-09-16","034 Quincy Circle","South Africa",527.02,"PayPal",5432.95
766,766,"2014-09-03","shipped","2014-09-08","0683 Norway Maple Place","Kazakhstan",645.56,"credit card",8614.79
767,767,"2019-03-01","processing","2019-03-06","56038 Brown Street","Jamaica",735.13,"cash on delivery",7052.38
768,768,"2019-03-31","shipped","2019-04-02","61 Meadow Ridge Avenue","Palestinian Territory",432.10,"PayPal",838.21
769,769,"2015-03-02","processing","2015-03-07","252 Bunker Hill Point","China",800.15,"cash on delivery",240.81
770,770,"2016-03-31","delivered","2016-04-02","537 Carey Parkway","China",11.75,"credit card",3065.07
771,771,"2021-07-18","shipped","2021-07-19","42 Birchwood Parkway","Philippines",656.85,"PayPal",3254.19
772,772,"2020-03-14","pending","2020-03-15","39700 Delaware Way","Serbia",735.13,"cash on delivery",2165.66
773,773,"2010-07-29","shipped","2010-08-03","2906 Butternut Court","Portugal",760.36,"credit card",2872.56
774,774,"2011-07-30","pending","2011-08-02","57 Clove Terrace","Brazil",125.77,"PayPal",1595.54
775,775,"2015-03-22","processing","2015-03-25","5 Bartillon Center","Sweden",512.05,"credit card",5389.09
776,776,"2017-07-29","delivered","2017-08-03","159 David Center","Mexico",306.10,"credit card",4510.25
777,777,"2019-02-08","delivered","2019-02-09","414 Homewood Street","China",773.03,"cash on delivery",7878.09
778,778,"2018-01-22","shipped","2018-01-23","77810 Rockefeller Point","Portugal",679.40,"cash on delivery",1342.19
779,779,"2021-07-31","shipped","2021-08-03","17002 Brickson Park Place","Brazil",392.04,"PayPal",566.67
780,780,"2016-03-19","pending","2016-03-20","554 Jenifer Hill","Indonesia",840.21,"credit card",5064.96
781,781,"2018-08-01","shipped","2018-08-06","177 Portage Center","China",698.42,"cash on delivery",6625.19
782,782,"2019-07-09","shipped","2019-07-12","69 Chinook Plaza","Portugal",360.86,"cash on delivery",3578.45
783,783,"2012-12-26","processing","2012-12-29","14 Doe Crossing Pass","Bahamas",940.64,"cash on delivery",7798.60
784,784,"2022-10-22","processing","2022-10-23","58959 Arrowood Place","United States",393.91,"PayPal",682.63
785,785,"2018-02-24","shipped","2018-02-26","81 Holmberg Lane","China",316.95,"PayPal",6080.76
786,786,"2013-10-15","pending","2013-10-17","8 Butterfield Avenue","China",484.28,"cash on delivery",1221.66
787,787,"2020-05-01","shipped","2020-05-05","078 Hooker Road","Spain",937.02,"cash on delivery",331.70
788,788,"2018-06-13","pending","2018-06-14","9588 Hoepker Hill","Philippines",531.86,"credit card",4066.19
789,789,"2020-03-26","pending","2020-03-30","794 Dottie Court","Zimbabwe",951.02,"credit card",4667.38
790,790,"2013-10-15","pending","2013-10-20","4 Esker Alley","Indonesia",361.73,"PayPal",4380.10
791,791,"2017-07-23","processing","2017-07-27","5 Blackbird Trail","Netherlands",708.13,"cash on delivery",173.69
792,792,"2014-10-28","pending","2014-10-29","980 Drewry Way","Cyprus",98.44,"cash on delivery",5509.88
793,793,"2022-12-11","shipped","2022-12-15","63703 Clove Point","China",634.19,"credit card",5683.90
794,794,"2016-02-29","delivered","2016-03-01","598 Hanover Circle","Poland",155.06,"PayPal",5599.57
795,795,"2022-05-17","shipped","2022-05-18","7 Ridge Oak Place","Brazil",388.14,"PayPal",7627.49
796,796,"2014-02-26","processing","2014-03-03","427 Comanche Court","Colombia",173.59,"PayPal",8188.08
797,797,"2011-08-21","pending","2011-08-25","4 Anthes Circle","Argentina",407.60,"cash on delivery",8509.92
798,798,"2013-06-18","processing","2013-06-23","287 Northwestern Plaza","Uganda",450.40,"cash on delivery",8164.80
799,799,"2016-07-21","pending","2016-07-24","95183 Kim Center","United States",188.49,"credit card",8751.33
800,800,"2015-10-18","delivered","2015-10-21","362 Shopko Terrace","Colombia",113.77,"PayPal",7357.68
801,801,"2021-01-01","pending","2021-01-06","2553 Stuart Circle","Iran",923.55,"credit card",1343.22
802,802,"2014-04-28","delivered","2014-05-03","18259 Calypso Alley","China",936.41,"cash on delivery",2440.41
803,803,"2010-01-18","delivered","2010-01-19","392 Drewry Lane","Colombia",755.30,"PayPal",8902.20
804,804,"2019-09-05","delivered","2019-09-06","2 Bay Street","Japan",910.49,"PayPal",4454.82
805,805,"2013-10-06","shipped","2013-10-07","612 Pepper Wood Way","Peru",601.29,"credit card",7230.11
806,806,"2022-04-15","pending","2022-04-16","4 5th Parkway","Indonesia",159.89,"cash on delivery",9029.36
807,807,"2014-06-12","delivered","2014-06-17","4887 Mockingbird Place","Mongolia",43.53,"credit card",6298.86
808,808,"2020-03-14","delivered","2020-03-15","13728 Algoma Park","Kyrgyzstan",537.59,"credit card",148.15
809,809,"2016-09-29","processing","2016-09-30","4 Kennedy Trail","Poland",303.39,"PayPal",5588.85
810,810,"2020-05-01","delivered","2020-05-02","21 Lakewood Lane","Philippines",889.36,"credit card",9175.33
811,811,"2012-09-06","shipped","2012-09-09","5054 Glacier Hill Center","Trinidad and Tobago",428.30,"PayPal",5094.62
812,812,"2014-09-26","processing","2014-09-30","11163 Maple Wood Drive","North Korea",744.79,"cash on delivery",4340.95
814,814,"2011-05-18","shipped","2011-05-20","4949 Kipling Center","Portugal",659.69,"credit card",8778.69
994,994,"2014-08-07","shipped","2014-08-09","1431 Vermont Junction","Peru",185.16,"PayPal",4029.53
815,815,"2019-01-21","processing","2019-01-24","65672 Norway Maple Way","Indonesia",944.65,"credit card",4880.80
816,816,"2019-07-23","pending","2019-07-26","1 Colorado Junction","China",128.90,"cash on delivery",6293.06
817,817,"2013-09-09","delivered","2013-09-10","4495 Sheridan Road","Indonesia",422.89,"PayPal",1310.63
818,818,"2010-03-03","processing","2010-03-06","4 Hanover Street","Sweden",951.34,"cash on delivery",712.98
819,819,"2017-03-23","shipped","2017-03-27","97 Victoria Place","Vietnam",92.38,"PayPal",7285.94
820,820,"2016-03-05","processing","2016-03-09","18 Tomscot Pass","United Kingdom",870.91,"PayPal",2321.93
821,821,"2020-06-17","pending","2020-06-18","2517 Anthes Court","China",188.96,"cash on delivery",4995.21
822,822,"2022-08-28","processing","2022-08-29","4 Miller Terrace","Indonesia",265.10,"credit card",8846.00
823,823,"2021-03-20","pending","2021-03-25","2 Hayes Terrace","Pakistan",287.61,"credit card",1219.15
824,824,"2010-11-17","processing","2010-11-20","6787 Warner Junction","Dominican Republic",112.29,"credit card",8921.15
825,825,"2014-01-16","pending","2014-01-21","1 Sachtjen Drive","Colombia",501.62,"PayPal",4112.53
826,826,"2020-03-09","shipped","2020-03-11","9796 Welch Drive","Yemen",543.03,"cash on delivery",6786.72
827,827,"2013-06-13","shipped","2013-06-17","77050 Dunning Crossing","Guatemala",28.72,"cash on delivery",8404.25
828,828,"2019-06-16","delivered","2019-06-17","516 Glacier Hill Drive","Brazil",984.97,"cash on delivery",931.97
829,829,"2020-03-18","delivered","2020-03-22","51 Artisan Point","France",120.81,"PayPal",2630.99
830,830,"2020-10-20","pending","2020-10-21","313 Sachs Lane","China",560.11,"PayPal",777.19
831,831,"2014-06-08","delivered","2014-06-12","03 Union Junction","Yemen",136.94,"PayPal",2733.67
832,832,"2010-06-16","pending","2010-06-21","4 Thompson Place","Guinea",207.56,"PayPal",194.74
833,833,"2016-02-17","shipped","2016-02-20","94 6th Trail","Moldova",879.89,"PayPal",921.83
834,834,"2016-08-06","shipped","2016-08-10","060 Almo Place","Uganda",202.48,"PayPal",2465.49
835,835,"2010-03-11","pending","2010-03-13","2 Northridge Point","Malaysia",954.98,"PayPal",1948.19
836,836,"2015-11-02","processing","2015-11-05","51 Dottie Pass","Russia",720.02,"cash on delivery",9685.69
837,837,"2021-08-22","delivered","2021-08-27","64 Lindbergh Point","Morocco",75.79,"PayPal",4308.27
838,838,"2021-01-17","delivered","2021-01-22","637 Charing Cross Court","Philippines",424.35,"credit card",2238.45
839,839,"2011-04-23","delivered","2011-04-25","93292 Coolidge Pass","Greece",282.01,"PayPal",8328.73
840,840,"2021-10-20","processing","2021-10-23","5 Sachs Pass","Russia",728.45,"cash on delivery",4189.13
841,841,"2015-05-26","pending","2015-05-31","06063 Spenser Center","China",824.16,"cash on delivery",7330.61
842,842,"2012-05-09","shipped","2012-05-13","07 Upham Way","Indonesia",969.25,"cash on delivery",5957.32
843,843,"2020-11-03","pending","2020-11-04","50 Hayes Park","Botswana",247.80,"cash on delivery",9835.66
844,844,"2015-03-02","processing","2015-03-07","5441 Crownhardt Avenue","China",597.62,"PayPal",994.05
845,845,"2019-11-25","pending","2019-11-26","79035 Ilene Crossing","Serbia",427.85,"PayPal",9946.00
846,846,"2015-04-09","delivered","2015-04-10","8 Continental Avenue","Georgia",164.87,"credit card",701.52
847,847,"2017-08-20","delivered","2017-08-23","033 Harbort Center","Ivory Coast",227.65,"credit card",950.70
848,848,"2014-06-09","delivered","2014-06-11","094 Veith Alley","Bulgaria",452.35,"cash on delivery",4396.21
849,849,"2020-10-06","pending","2020-10-09","99 Helena Lane","Guatemala",80.47,"PayPal",7477.21
850,850,"2021-11-25","delivered","2021-11-26","990 Fuller Road","Canada",233.24,"PayPal",6831.17
851,851,"2011-01-27","shipped","2011-01-28","580 Ronald Regan Alley","Russia",953.11,"cash on delivery",5343.06
852,852,"2021-04-17","pending","2021-04-20","741 Shopko Circle","Philippines",274.56,"cash on delivery",1571.07
853,853,"2018-02-26","delivered","2018-02-27","79882 Russell Lane","Bolivia",400.07,"cash on delivery",5662.92
854,854,"2021-06-30","pending","2021-07-04","03369 Buena Vista Junction","Brazil",748.16,"cash on delivery",9310.82
855,855,"2022-11-10","pending","2022-11-15","1766 Spohn Alley","Brazil",394.98,"credit card",9900.03
856,856,"2011-10-14","pending","2011-10-15","63381 Meadow Vale Pass","Canada",738.52,"credit card",740.09
857,857,"2017-01-15","delivered","2017-01-18","49107 Warner Way","Japan",233.06,"credit card",4380.36
858,858,"2021-06-25","shipped","2021-06-29","1945 Superior Court","Albania",846.73,"credit card",3207.44
859,859,"2018-11-13","pending","2018-11-14","76 Evergreen Alley","China",650.21,"cash on delivery",2109.29
860,860,"2012-01-12","processing","2012-01-15","95 Colorado Pass","South Africa",353.55,"cash on delivery",8083.66
861,861,"2014-11-09","delivered","2014-11-10","70 Scofield Road","Saudi Arabia",69.05,"cash on delivery",794.36
862,862,"2012-10-30","delivered","2012-11-04","816 Coleman Center","South Africa",391.13,"cash on delivery",9773.72
863,863,"2010-07-01","delivered","2010-07-02","90 Shelley Crossing","Sweden",352.05,"PayPal",1744.20
864,864,"2010-03-11","shipped","2010-03-13","7 Sherman Drive","Greece",780.01,"PayPal",4231.92
865,865,"2022-11-16","delivered","2022-11-21","22 Gulseth Center","Russia",100.95,"PayPal",2414.15
866,866,"2013-05-24","delivered","2013-05-29","2722 Golden Leaf Parkway","Dominican Republic",2.26,"credit card",740.58
867,867,"2015-02-24","shipped","2015-02-27","238 Artisan Park","Albania",558.05,"PayPal",4273.79
868,868,"2018-04-11","processing","2018-04-16","68 Norway Maple Avenue","Colombia",55.05,"PayPal",492.42
869,869,"2020-04-25","processing","2020-04-27","890 Buena Vista Circle","Ukraine",638.23,"PayPal",7471.85
870,870,"2018-06-24","shipped","2018-06-27","24051 Prentice Court","Argentina",308.01,"PayPal",1659.88
871,871,"2010-09-10","pending","2010-09-11","42358 Bartillon Lane","Portugal",188.99,"PayPal",9500.55
872,872,"2018-04-15","delivered","2018-04-16","79250 Dottie Court","Australia",350.28,"credit card",4738.96
873,873,"2020-07-21","delivered","2020-07-25","2 Reinke Drive","Serbia",643.35,"cash on delivery",2813.01
874,874,"2022-11-07","pending","2022-11-12","39353 Lakewood Place","China",100.85,"cash on delivery",365.35
875,875,"2021-11-27","pending","2021-12-01","947 Montana Place","Russia",853.00,"cash on delivery",9413.10
876,876,"2016-09-10","shipped","2016-09-13","0600 Hallows Street","China",86.82,"PayPal",1256.60
877,877,"2020-11-29","shipped","2020-12-01","8 Macpherson Center","Portugal",375.76,"cash on delivery",8326.28
878,878,"2017-11-24","pending","2017-11-25","667 Raven Drive","China",125.48,"credit card",1927.42
879,879,"2010-08-30","pending","2010-09-03","1 Ridgeway Park","United States",482.71,"PayPal",9824.83
880,880,"2020-02-05","delivered","2020-02-09","81555 Northview Hill","Canada",82.67,"PayPal",417.14
881,881,"2017-11-22","pending","2017-11-23","3 Ryan Pass","Philippines",979.77,"cash on delivery",5699.75
882,882,"2016-07-15","shipped","2016-07-18","45 Meadow Ridge Street","Sweden",337.42,"PayPal",776.92
883,883,"2011-04-28","pending","2011-04-30","52 Dwight Road","Sweden",645.93,"PayPal",9530.74
884,884,"2018-10-07","processing","2018-10-10","2699 Eastlawn Circle","Poland",626.50,"PayPal",1630.70
885,885,"2017-05-24","delivered","2017-05-26","331 Tennessee Place","Zambia",43.22,"cash on delivery",3959.62
886,886,"2011-07-23","delivered","2011-07-26","808 School Avenue","China",368.75,"PayPal",3213.37
887,887,"2016-01-05","shipped","2016-01-10","937 Oakridge Street","United States",972.90,"PayPal",1287.90
888,888,"2016-11-21","shipped","2016-11-24","69479 Manufacturers Junction","China",101.76,"cash on delivery",4764.11
889,889,"2013-01-22","pending","2013-01-26","15 Vera Point","Poland",91.59,"credit card",3254.22
890,890,"2014-03-06","delivered","2014-03-11","4 Brown Parkway","Ghana",578.47,"PayPal",915.61
891,891,"2015-08-18","processing","2015-08-22","46815 Schlimgen Court","Luxembourg",198.22,"cash on delivery",3826.50
892,892,"2021-03-17","delivered","2021-03-21","439 Lillian Parkway","Zimbabwe",536.22,"cash on delivery",6315.44
893,893,"2020-08-04","delivered","2020-08-06","84266 Crownhardt Place","Mexico",463.22,"credit card",2636.54
894,894,"2015-12-31","delivered","2016-01-01","00 Dixon Place","Brazil",371.63,"credit card",4151.37
895,895,"2010-03-07","delivered","2010-03-11","9219 Welch Road","Philippines",329.35,"cash on delivery",4784.20
896,896,"2017-02-08","processing","2017-02-11","705 Maple Wood Point","Macedonia",745.81,"cash on delivery",5179.31
897,897,"2020-09-28","pending","2020-10-03","935 Mayer Way","Portugal",985.08,"credit card",2092.03
898,898,"2020-05-18","pending","2020-05-21","9 Barby Hill","Croatia",993.16,"cash on delivery",6734.26
899,899,"2018-06-22","delivered","2018-06-23","44672 Grim Circle","China",828.18,"cash on delivery",2817.00
900,900,"2016-10-14","processing","2016-10-16","6175 Paget Lane","Peru",496.67,"PayPal",9355.07
901,901,"2018-09-15","processing","2018-09-20","17 Calypso Trail","Greece",211.08,"cash on delivery",575.60
902,902,"2016-07-15","delivered","2016-07-20","0 Basil Crossing","Philippines",806.49,"cash on delivery",1463.58
903,903,"2019-01-10","delivered","2019-01-15","79 Park Meadow Way","North Korea",687.19,"PayPal",370.92
904,904,"2022-06-11","processing","2022-06-12","32457 Old Shore Street","Bulgaria",539.21,"cash on delivery",3474.95
905,905,"2016-02-08","shipped","2016-02-13","3 Comanche Avenue","China",913.88,"PayPal",5383.17
906,906,"2010-06-12","processing","2010-06-13","750 Fuller Drive","China",628.91,"credit card",5515.84
907,907,"2019-02-18","processing","2019-02-19","5858 Merchant Center","Indonesia",95.24,"cash on delivery",3738.94
908,908,"2020-11-07","processing","2020-11-08","1 Delaware Plaza","Indonesia",89.79,"PayPal",6697.32
909,909,"2013-09-08","shipped","2013-09-10","73542 Fieldstone Parkway","Argentina",621.71,"PayPal",88.35
910,910,"2013-03-28","pending","2013-04-02","1770 Atwood Terrace","Indonesia",353.80,"credit card",6535.26
911,911,"2012-10-05","pending","2012-10-09","80228 Harper Crossing","China",217.51,"credit card",2165.04
912,912,"2016-08-03","shipped","2016-08-05","4 Fieldstone Way","Brazil",471.83,"cash on delivery",2212.35
913,913,"2021-05-17","shipped","2021-05-19","210 Ridge Oak Way","Poland",840.92,"cash on delivery",2992.45
914,914,"2012-08-05","processing","2012-08-09","6 Carey Parkway","China",686.91,"PayPal",2531.77
915,915,"2016-04-16","pending","2016-04-19","97820 Hintze Junction","Haiti",4.77,"PayPal",7130.48
916,916,"2012-11-29","delivered","2012-12-02","88 Manley Parkway","Spain",337.48,"cash on delivery",3214.86
917,917,"2021-05-11","pending","2021-05-16","918 Macpherson Avenue","China",87.11,"credit card",9816.33
918,918,"2012-11-04","processing","2012-11-07","997 Gale Crossing","Indonesia",244.65,"cash on delivery",2159.87
919,919,"2014-06-25","delivered","2014-06-26","3206 Kim Alley","Indonesia",443.43,"PayPal",848.72
920,920,"2018-05-01","processing","2018-05-03","4103 Vera Alley","Brazil",80.17,"cash on delivery",5092.18
921,921,"2015-04-26","shipped","2015-04-30","3606 Declaration Pass","Mexico",832.04,"PayPal",3640.06
922,922,"2022-09-07","shipped","2022-09-08","27 Hudson Center","China",629.77,"PayPal",6129.25
923,923,"2019-08-27","shipped","2019-08-29","2334 Thierer Court","China",530.28,"credit card",5105.85
924,924,"2011-06-27","shipped","2011-07-01","89050 Crownhardt Way","China",824.97,"cash on delivery",7846.14
925,925,"2010-03-15","shipped","2010-03-19","1 Rigney Court","Japan",931.12,"PayPal",8510.11
926,926,"2012-05-15","shipped","2012-05-17","86 Norway Maple Way","Japan",672.74,"credit card",5051.69
927,927,"2012-07-13","shipped","2012-07-15","32 Northfield Plaza","Russia",640.76,"credit card",3706.13
928,928,"2021-08-15","pending","2021-08-18","9779 Schmedeman Lane","Portugal",594.92,"cash on delivery",6614.90
929,929,"2019-10-08","pending","2019-10-13","48 4th Avenue","China",193.46,"cash on delivery",8100.45
930,930,"2015-07-17","pending","2015-07-18","4 Magdeline Parkway","Serbia",938.70,"credit card",3851.17
931,931,"2019-03-03","processing","2019-03-05","61 Reindahl Plaza","China",132.92,"PayPal",3474.64
932,932,"2020-11-10","processing","2020-11-12","9 Blaine Park","Greece",991.86,"PayPal",8109.65
933,933,"2020-05-05","delivered","2020-05-08","42 Talisman Junction","China",343.00,"credit card",3327.79
934,934,"2022-06-26","shipped","2022-06-29","454 Armistice Park","Lithuania",823.35,"PayPal",149.15
935,935,"2010-11-27","pending","2010-11-30","36197 Hoffman Parkway","China",918.11,"credit card",771.44
936,936,"2014-04-13","pending","2014-04-18","64 Blaine Circle","Philippines",426.95,"PayPal",5876.39
937,937,"2015-04-04","delivered","2015-04-05","2471 Northland Place","Sweden",582.46,"credit card",6850.40
938,938,"2015-07-19","shipped","2015-07-21","17 Melody Parkway","Mauritius",488.62,"PayPal",8376.76
939,939,"2015-12-30","pending","2016-01-04","83 Sundown Crossing","Russia",999.93,"cash on delivery",7106.25
940,940,"2017-02-15","shipped","2017-02-20","8 Westerfield Road","China",48.29,"cash on delivery",7120.72
941,941,"2022-02-26","processing","2022-02-28","2 Bellgrove Terrace","China",839.41,"PayPal",1910.12
942,942,"2019-08-21","delivered","2019-08-23","98 Anderson Center","China",470.38,"cash on delivery",8880.61
943,943,"2017-06-24","processing","2017-06-25","8737 Mifflin Point","Netherlands",78.10,"credit card",3585.33
944,944,"2017-11-14","shipped","2017-11-15","95585 Hoepker Lane","Philippines",860.86,"credit card",2521.01
945,945,"2020-04-05","processing","2020-04-07","01 Randy Place","Argentina",250.95,"cash on delivery",3864.54
946,946,"2019-02-17","shipped","2019-02-19","926 Summerview Court","China",222.20,"credit card",6480.96
947,947,"2014-12-23","shipped","2014-12-27","847 Glendale Hill","China",76.95,"credit card",1319.55
948,948,"2013-09-19","processing","2013-09-20","19 School Lane","China",956.78,"PayPal",5189.66
949,949,"2014-09-01","pending","2014-09-03","03 Hoard Terrace","China",474.65,"PayPal",2564.85
950,950,"2017-05-05","shipped","2017-05-07","2 International Terrace","Nigeria",727.94,"credit card",6256.87
951,951,"2018-04-20","processing","2018-04-24","25088 Dayton Drive","Mongolia",918.61,"cash on delivery",8072.33
952,952,"2021-09-09","pending","2021-09-14","200 Stang Hill","Poland",236.03,"cash on delivery",3243.97
953,953,"2019-01-12","shipped","2019-01-17","62 Troy Way","Kenya",461.25,"PayPal",1294.07
954,954,"2010-05-08","pending","2010-05-12","57826 Haas Trail","Brazil",266.33,"credit card",7483.16
955,955,"2011-01-13","pending","2011-01-17","4 Glacier Hill Drive","Syria",207.01,"cash on delivery",1764.95
956,956,"2016-05-05","delivered","2016-05-06","0128 Hooker Plaza","China",86.25,"cash on delivery",1680.49
957,957,"2018-01-04","processing","2018-01-05","52 Quincy Center","Poland",631.62,"credit card",1050.14
958,958,"2015-08-24","pending","2015-08-27","7 Sutteridge Hill","Brazil",857.30,"cash on delivery",1662.06
991,991,"2018-05-27","processing","2018-05-31","04 Continental Junction","China",532.44,"PayPal",2970.77
992,992,"2020-05-22","shipped","2020-05-24","04 Coolidge Junction","China",21.47,"credit card",7554.40
993,993,"2014-09-09","processing","2014-09-10","5931 Corscot Way","Colombia",832.85,"PayPal",59.11
995,995,"2015-08-08","pending","2015-08-13","50 Riverside Crossing","Poland",925.36,"credit card",4679.85
996,996,"2022-02-02","shipped","2022-02-07","4653 Fulton Court","Dominican Republic",370.32,"cash on delivery",286.05
997,997,"2022-08-21","processing","2022-08-22","97437 Thackeray Plaza","China",599.57,"cash on delivery",3543.71
998,998,"2013-06-15","processing","2013-06-19","982 Reindahl Court","Ukraine",305.28,"credit card",1664.08
999,999,"2010-02-26","delivered","2010-02-28","0588 Brown Alley","Brazil",816.31,"PayPal",1.31
1000,1000,"2011-02-04","pending","2011-02-07","22 Jackson Plaza","Indonesia",795.93,"PayPal",2553.11
